Feature,H1 - Coefficient - 1,H2 - Coefficient - 1,H3 - Coefficient - 1,H4 - Coefficient - 1,H5 - Coefficient - 1,H6 - Coefficient - 1,H7 - Coefficient - 1,H8 - Coefficient - 1,H9 - Coefficient - 1,H10 - Coefficient - 1,H11 - Coefficient - 1,H12 - Coefficient - 1,H13 - Coefficient - 1,H14 - Coefficient - 1,H15 - Coefficient - 1,H16 - Coefficient - 1,H17 - Coefficient - 1,H18 - Coefficient - 1,H19 - Coefficient - 1,H20 - Coefficient - 1,H21 - Coefficient - 1,H22 - Coefficient - 1,H23 - Coefficient - 1,H24 - Coefficient - 1
Last Closing Gas Price [GBpence/therm]_standardized,0.03252947425641192,0.09491315544383452,0.1433147960822692,0.21702484148032686,0.38243065826010925,0.24238757547976905,0.1633654665014899,0.16054187184301785,0.09619395202267085,0.14487018779765648,0.2234153556833877,0.20300118687790822,0.06954459045304,0.2879264764483979,0.22052572670819237,-0.0,0.0,0.2914685424442231,0.4044221569612028,0.2287514503855727,0.1711391263140317,0.3064006340447977,0.33984155150755724,0.41402822877679957
Day-ahead Price [GBP/MWh]_standardized d-1 h=1,0.0,0.009905855636144231,0.0,0.0,0.0,0.0,0.0,0.0,0.17617762760832054,0.1706582640644561,0.0,0.029763357313610714,0.0,0.03277956620198383,0.0,0.0,0.0,0.3724155866838021,0.34708549873824673,0.12843006175880461,0.0,0.0,0.0,0.0
Day-ahead Price [GBP/MWh]_standardized d-1 h=2,0.0,0.0,0.0,-0.0,-0.0,-0.0,-0.0,0.0,0.0,0.0,0.0,0.0,0.0,0.0,0.0,0.0,-0.0,0.0,0.0,0.0,0.14645472807207233,0.21933627591086574,0.1986396217902019,0.16007666043152458
Day-ahead Price [GBP/MWh]_standardized d-1 h=3,0.0,0.0,-0.005360666014384362,-0.06634978917855751,-0.08064764838573106,-0.2153858665745498,-0.18524216273094368,-0.0,0.0,0.0,-0.0,-0.0,0.0,0.0,0.0,0.0,-0.0,-0.0,0.0,0.0,-0.0,0.0,-0.0,-0.0
Day-ahead Price [GBP/MWh]_standardized d-1 h=4,0.018692649413022944,0.0,0.0,0.0,0.0,0.0,-0.0,-0.04498512583019438,0.0,0.0,-0.0,-0.0,0.0,0.08528686723822625,0.2930393138107655,0.4143013442657611,0.4701484610624798,0.0,0.0,0.0,-0.0,-0.0,-0.0,-0.022388846576031764
Day-ahead Price [GBP/MWh]_standardized d-1 h=5,0.0,0.0,0.0,0.05948244954960102,0.06945407808881511,0.046397848185169024,-0.0,-0.0,0.0,0.0,0.0,0.007483074808877431,0.006007808376733647,0.0,0.0,-0.0,0.0,0.39518163441400556,0.10847095699262124,0.10147732278786596,0.1564992042293991,0.0,-0.24446941666740737,-0.25303641636445967
Day-ahead Price [GBP/MWh]_standardized d-1 h=6,-0.0,-0.0,-0.0006104489955675379,-0.0012120199922092904,-0.0073599722417381,-0.0,-0.021140935200350073,-0.0684598647488816,-0.17822371513463922,-0.12442707406096329,-0.05181929591205636,-0.054718004789305365,-0.04806124993500023,-0.28419967040927974,-0.4136119098306193,-0.5673356185995876,-0.49841396303414226,-0.6055796023208744,-0.2930511120106329,-0.0781642724686614,-0.0,-0.0,0.0,-0.0
Day-ahead Price [GBP/MWh]_standardized d-1 h=7,-0.007841971638754736,0.0,-0.0,-0.0,-0.2611634290247512,-0.12748045949562883,-0.032039644209157,-0.0,0.0,-0.0,-0.0,-0.0,-0.0,-0.0,-0.0,0.0,0.0,-0.0,-0.0,-0.01605513243610488,-0.025587769461639973,-0.0,0.0,0.0
Day-ahead Price [GBP/MWh]_standardized d-1 h=8,-0.0,0.0,0.12842939100281883,0.0,0.0,0.0,-0.0,0.0,0.05079661933061443,0.1197904936625767,0.1152909001058892,0.0,0.2024743315734631,0.0655075468651688,0.0,0.8907261097797069,0.8236035274406291,0.31953261650188125,0.281578941033146,0.0,0.0,0.0,-0.0,-0.0
Day-ahead Price [GBP/MWh]_standardized d-1 h=9,-0.0,-0.0,0.0,-0.0,-0.0,-0.0,-0.0,0.0,0.0032416108017808603,0.0,0.023585841029886374,0.0,0.0,0.0,0.0,0.0,0.0,0.0,0.0,0.30128066592404007,0.1785795251617595,0.015676447225149232,-0.0,-0.09757638929059562
Day-ahead Price [GBP/MWh]_standardized d-1 h=10,-0.0,-0.0,-0.0,-0.0,-0.0,-0.0,-0.029669278603421088,0.0,0.0,0.0,0.0,0.3807365127869135,0.4153405903722027,0.5864340748982522,1.183145410090133,0.9077719286319147,0.5865634113327693,0.3332245669820422,0.012085475307050664,0.0,0.0,0.0,-0.0,-0.0
Day-ahead Price [GBP/MWh]_standardized d-1 h=11,-0.012369211199465581,-0.0,-0.0,-0.0,-0.0,-0.0,-0.0,0.0,0.0,0.0,0.0,0.0,0.0,0.0,0.0,-0.0,-0.0,0.0,0.0,-0.0,-0.0,0.0,0.0,0.0
Day-ahead Price [GBP/MWh]_standardized d-1 h=12,-0.0020875240103534333,-0.09554568603535642,-0.31311716276519413,-0.329349713904059,-0.16506225743609665,-0.2576727348793636,-0.0,0.0,0.0,-0.0,-0.0,-0.34167907767137395,-0.6677477237988224,-0.7812881145446187,-1.3886403483634617,-1.6220761164444373,-1.406288944780466,-0.9152143501017521,-0.4825251243183599,-0.6214800218572699,-0.1024867610811779,0.0,0.0,0.0
Day-ahead Price [GBP/MWh]_standardized d-1 h=13,0.0,-0.0,-0.0,0.0,0.0,-0.0,-0.055848532122804204,-0.0,-0.153638121533421,-0.16440853668283514,-0.1590234839141661,-0.013163421567102462,-0.0,0.0,-0.0,0.0,0.0,-0.0,-0.0,-0.0,-0.3843292335273292,-0.22415837394458044,-0.08341633741991132,-0.08247719460324966
Day-ahead Price [GBP/MWh]_standardized d-1 h=14,0.010915869259868068,0.0,-0.0,0.0,0.12760592110422667,0.0,-0.0,-0.2059636591644158,-0.0,-0.0,0.0,0.0,0.0036906734150873354,0.4456417219998448,0.982356021061772,1.0483756892414733,0.9599109855494646,0.2852636395851576,0.06692936037826312,0.05397858934526844,0.0,-0.0,-0.0,-0.0
Day-ahead Price [GBP/MWh]_standardized d-1 h=15,0.0,0.0,-0.0,-0.0,0.0,0.524863638006519,0.4251107093437759,0.2547056088712086,0.0,0.0,0.0,0.0,0.1720271115001142,0.1118025375023876,0.11522412790861324,0.3556656304270626,0.5615507267540008,0.48042418697774836,0.3191789258286762,0.3277431491003444,0.12438139126518417,0.007797706749573755,0.0,-0.0
Day-ahead Price [GBP/MWh]_standardized d-1 h=16,-0.0,0.059645045575959794,0.12371041442030814,0.19558233766678948,0.09373795374976503,-0.0,0.07593369667711113,0.10711569930261598,0.14760515687491926,0.0,-0.0,0.0,0.0,0.0,-0.0,0.0,-0.08048489593953365,-0.05683298879792173,-0.047256625427856545,-0.0957631505142111,-0.0,0.0,-0.0,-0.0
Day-ahead Price [GBP/MWh]_standardized d-1 h=17,-0.0,-0.0,0.0,0.0,0.09092314117703429,0.0,0.0,0.0,0.0,0.15484795075586028,0.14416399457601073,0.2006429965114371,0.11655114530705321,0.12638129165548417,0.15517948762712758,0.0,-0.0,0.0,-0.0,-0.0,-0.0,-0.0,-0.02612280101868923,-0.038619455697341924
Day-ahead Price [GBP/MWh]_standardized d-1 h=18,-0.03184629998278164,-0.16041966237306088,-0.17831401016003895,-0.13245998206800952,0.0,0.0,-0.0,0.1471325585058331,0.22853057626798554,0.18663034677832804,0.1575030743871165,0.016421665107740062,0.1008962415358832,0.0,0.10483723141523572,1.5071726232586087,1.1599744257904867,0.0,0.0,0.0,0.011565872717807067,0.0,0.0,-0.0
Day-ahead Price [GBP/MWh]_standardized d-1 h=19,-0.0,-0.0,-0.0,-0.0,0.0,-0.0,-0.0254811665469446,-0.0,-0.0,0.0,0.0,-0.0,-0.14438938957330047,-0.18775225585980568,-0.5795119732410896,-2.5785434180215456,-2.2623573006707254,-0.0,-0.0,-0.0,0.0396342824250235,0.16149567295016806,0.05842246703900453,0.0
Day-ahead Price [GBP/MWh]_standardized d-1 h=20,0.0,0.09159092676616487,0.095591876861276,0.07187179420180781,0.07824315241454315,0.07087866861634104,0.0,0.0,0.0,0.0,-0.0,-0.10743752967432497,-0.13294371831176308,-0.14856201173938607,-0.25395962509892234,-0.0,-0.0,-0.39431899734612325,-0.0445855331621694,0.0,0.16330512094819297,0.2425465849714639,0.427559716704391,0.564634715260832
Day-ahead Price [GBP/MWh]_standardized d-1 h=21,0.0,0.03975500633995444,0.08730555255997997,0.12253912106024366,0.32367213033183573,0.25440907993514933,-0.0,-0.002953263118263439,-0.0,-0.10266564502327126,-0.2252515956624224,-0.0862733427898758,-0.0,-0.0,-0.0,0.0,0.0,-0.0,-0.0,0.0,0.0,-0.0,-0.0,0.0
Day-ahead Price [GBP/MWh]_standardized d-1 h=22,-0.0,0.0,0.0,0.06828948895644395,0.04131378336768363,0.0,-0.0,-0.0,-0.0,-0.0,-0.0,-0.0,0.0,0.11554620604677752,0.4567614176773189,0.9669952782191191,0.8881407163156649,0.5584287163444737,0.24457909382098963,0.42561151011695886,0.0,-0.0,-0.19734253535830568,-0.3217832513781698
Day-ahead Price [GBP/MWh]_standardized d-1 h=23,-0.0,-0.0,-0.0,0.0,0.0,0.3129983070186908,0.5034990087048277,0.358032205081587,0.30662728896220987,0.31023290988068414,0.34313942450423807,0.3632371663766249,0.46046265747832543,0.0,0.22116805188405805,0.0,0.0,0.1157170861996891,0.20281666905666168,0.19237598568144396,0.47911588280069856,0.0,0.0,0.0
Day-ahead Price [GBP/MWh]_standardized d-1 h=24,0.9398649403706529,0.878525958984501,0.7738958421847886,0.5940657473185967,0.3304148172069529,0.1092336249375608,0.0,-0.0,0.0,0.0,0.0,0.0,0.0,0.3788211294755339,0.05785142912273482,0.0,0.0,0.0,0.0,0.0,0.0,0.3887735453040624,0.5289649790365292,0.5504641371363381
Day-ahead Price [GBP/MWh]_standardized d-2 h=1,-0.0,0.0,-0.0,-0.12606390993934544,-0.6145080866843827,-0.5155418648334594,-0.6464870854233811,-0.5643388790520537,-0.3489284833757904,-0.3705769701818679,-0.2803811855581735,-0.28893297064858314,-0.6918755108795706,-0.5354130316110833,-0.08580745875905564,-0.6652950093796444,-0.3548619576084377,-0.38097820562414825,-0.396830009504846,-0.3656503574622945,-0.0,0.0,0.0,0.005598017628646069
Day-ahead Price [GBP/MWh]_standardized d-2 h=2,-0.0,-0.0,-0.0,-0.0,-0.011416506161515913,-0.15157115793247153,-0.0,-0.0,-0.0,-0.0,-0.10296578957244139,-0.14463741548841172,-0.0,-0.0,-0.0,-0.0,-0.0,-0.0,-0.0,-0.08407052877833811,-0.15806703638391684,0.0,0.0,0.0
Day-ahead Price [GBP/MWh]_standardized d-2 h=3,-0.007503972703950587,-0.023909202678331513,-0.07055201037027828,-0.08716919388019047,-0.0,0.0,0.0,0.0,0.0,0.0,0.0,0.0,0.06135461812605713,0.08872986421144759,0.0,0.0,0.07469853275782716,0.07848003426047136,0.0,0.0,-0.0,0.0,-0.0,-0.0
Day-ahead Price [GBP/MWh]_standardized d-2 h=4,-0.0,-0.03716909188217608,-0.0737172388359326,-0.038017943934214295,0.0,0.19822758887880096,0.3478054390680346,0.3782889043586172,0.3917450253240452,0.3970267977076812,0.37917972758143054,0.2534161889434067,0.189257003935361,0.08571624188952567,-0.0,-0.06781661333346312,-0.0,0.0,0.0,0.00946032647101948,-0.0,0.0,-0.0,-0.0
Day-ahead Price [GBP/MWh]_standardized d-2 h=5,0.0,-0.0,-0.0,-0.0,0.0,-0.0,-0.0,-0.0,-0.0,-0.0,-0.0,-0.0,-0.0,0.0,-0.0,-0.0,-0.0,0.0,0.09622934249693275,0.0,-0.05027863243027319,-0.177905706403069,-0.1911131941092917,-0.17398237513745296
Day-ahead Price [GBP/MWh]_standardized d-2 h=6,-0.0,-0.0,-0.0,-0.04992262234587508,-0.14598279564374028,-0.09334084407719972,-0.11132083282978178,-0.1667451341467098,-0.2260757268136995,-0.25369972458009804,-0.19252630776613194,-0.023380077397471184,-0.0047301207215206306,0.00938991610309713,0.329042983713521,0.6861672144468356,0.6418340607597349,0.2604762455092031,0.0,0.0,-0.0,-0.0,-0.0,-0.06931137406075451
Day-ahead Price [GBP/MWh]_standardized d-2 h=7,-0.0047405736012396055,-0.0,0.0,-0.0,-0.0,-0.0,-0.0,0.0,-0.0,-0.0,-0.0,-0.0,-0.011050885672298219,-0.0,-0.0,0.0,0.0,-0.0,-0.0,-0.10405545442731262,-0.17385006690955224,0.005800134002467447,0.0,-0.0
Day-ahead Price [GBP/MWh]_standardized d-2 h=8,-0.0,-0.0,0.0,0.0,-0.0,-0.08980627723195037,-0.2616101227856489,-0.5109984328289546,-0.3913945604833549,-0.3500159108139176,-0.4907858214640122,-0.5779468527152043,-0.5037027293568243,-0.4754618657131425,-0.4131011722780757,-0.21572495969110864,-0.0,-0.4464344262976336,-0.45291485334056386,-0.31040793445491144,-0.0,0.0,0.0,-0.0
Day-ahead Price [GBP/MWh]_standardized d-2 h=9,0.0,0.0,0.0,0.0,-0.14727602474675972,-0.0,-0.0,-0.0,-0.0,-0.0,-0.0,0.0,-0.0,-0.0,0.0,-0.0,0.0,0.0,0.0,0.0,0.0,0.0,0.0,0.0
Day-ahead Price [GBP/MWh]_standardized d-2 h=10,-0.0,0.0,0.0,0.01891670278517538,-0.0,0.0,0.2776043874382968,0.5765570383753459,0.566423310543684,0.5339540067464407,0.6573433357912726,0.627716922136837,0.498511499559964,0.2910329136065358,0.5516041239448097,1.0599850747829107,0.8793792005529977,0.5023943545327914,0.11436152007207899,0.2642761556092514,0.19599764948028162,0.031329703344103524,0.06260675362175298,0.0
Day-ahead Price [GBP/MWh]_standardized d-2 h=11,-0.0027189061208453577,-0.01580390655795511,-0.0,0.0,0.0,0.0,0.0,0.0,0.0,0.0,0.0,0.0,0.000375446703082227,0.0,0.0,0.0,0.0,-0.0,0.0,0.0,0.0,-0.0,-0.0,-0.0
Day-ahead Price [GBP/MWh]_standardized d-2 h=12,-0.0,-0.0,0.0,0.0,0.12402445162852278,0.13202396309144024,-0.0,-0.04284994128601889,-0.10363518067414249,-0.0,-0.0,-0.0,0.0,0.0,-0.0,-0.0,-0.0,-0.23781037788085993,-0.0,0.0,0.0,-0.0,-0.0,0.0
Day-ahead Price [GBP/MWh]_standardized d-2 h=13,0.0,0.0,0.0,0.1719878942723142,0.4975145674884904,0.12686744261032867,-0.0,-0.0,-0.021632682315882508,-0.0845865047498361,-0.1055352738354357,-0.0710870924483177,0.0,0.0,-0.47556840501523967,-1.6523314735452093,-1.757352402611242,-0.48921695917040336,-0.0,0.0,0.0,-0.0,-0.0,0.0
Day-ahead Price [GBP/MWh]_standardized d-2 h=14,0.0,-0.0,-0.0,-0.0,0.0,0.0,0.0,0.020479005345491748,0.0,0.0,0.0,-0.0,0.023164744528729703,0.2362076587860361,0.0,0.0718368310885684,0.0,0.0,-0.0,0.0,0.0,-0.07934008952721723,-0.17348280486232523,-0.0005611782348029448
Day-ahead Price [GBP/MWh]_standardized d-2 h=15,-0.0,-0.0223516193646266,-0.11278543523442705,-0.24637872463148375,-0.09562137733694769,-0.0,0.0,0.0,0.0,0.0,0.0,0.0,0.043517301908729704,0.037328267786052034,0.01208018526797825,0.0,0.0,0.3480432383351217,0.536527182194488,0.33564675151414136,0.0,-0.03411591567976974,-0.03458235511112093,-0.20723751062255222
Day-ahead Price [GBP/MWh]_standardized d-2 h=16,-0.0,-0.006453591363586524,0.0,0.0,-0.0,-0.0,0.0,-0.019605329642558515,-0.0,0.0,-0.0,-0.02377017841454999,-0.0,-0.005631518166647567,-0.0,-0.0,-0.07196900473438166,-0.0,-0.0,-0.0,-0.0,0.0,0.0,0.0
Day-ahead Price [GBP/MWh]_standardized d-2 h=17,-0.0,-0.0,0.0019516762453875875,0.014108969642889598,0.043388026611065306,0.08217773567479993,0.043140332537381615,-0.0,-0.0,0.0027280979912285707,0.0,-0.0,-0.0,-0.037977460911118074,-0.0,-0.1767485918412031,-0.0,-0.0,-0.13562358837630756,-0.08412098992987303,-0.020629544462989924,0.0,0.05609645964239118,0.04948433000395972
Day-ahead Price [GBP/MWh]_standardized d-2 h=18,0.0,0.0,0.022403202986029977,0.1780157719974233,0.0,0.0,0.0,0.27462430276185285,0.3774929144331705,0.2746523882249754,0.15533355393345663,0.14746310199336643,0.03869016577036611,0.09032548658346706,0.0,-0.0,-0.0,0.021319254016947915,0.0,0.0,0.09719686798351883,0.11992283045852571,0.0,0.23144385386967456
Day-ahead Price [GBP/MWh]_standardized d-2 h=19,0.03020148101795727,0.09423237386995799,0.13928773654101048,0.0,-0.0,-0.08570111813971862,-0.0,0.0,0.0,-0.0,-0.0,-0.0,0.0,0.0,0.08669968315298415,0.14954023252589324,0.21075149488096942,0.11021784403040488,0.045967321579754375,0.0,0.18242729144991168,0.4119653622020533,0.5625980778017318,0.418154573528982
Day-ahead Price [GBP/MWh]_standardized d-2 h=20,0.0,0.0,-0.0,-0.0,-0.050308370736032795,-0.08696386641578233,-0.0,-0.16620198199218567,-0.23674100522786767,-0.22699788041808439,-0.049176426098146334,-0.0,-0.0,-0.0,-0.0,-0.0,0.0,0.0,0.0,-0.0,-0.0,0.0,0.0,0.1539455054400929
Day-ahead Price [GBP/MWh]_standardized d-2 h=21,0.0,-0.0,-0.0,-0.0,-0.09574885718836358,-0.0,0.0,-0.0,-0.07166943913338672,-0.0,-0.0,-0.0,0.0,-0.0,-0.0,-0.0,0.0,-0.0,-0.0,-0.0,-0.39615904950493663,-0.29823740306156465,-0.138635675084419,-0.381861935170729
Day-ahead Price [GBP/MWh]_standardized d-2 h=22,-0.0,0.0,0.0,-0.0,-0.0448943803194986,-0.03815417879698954,0.0,0.0,0.0,0.0,0.0,0.0,0.0,0.0,-0.0,0.0,0.0,-0.0,-0.0,-0.0,-0.0,-0.24702324622095567,-0.2789862503102731,-0.06982148829984644
Day-ahead Price [GBP/MWh]_standardized d-2 h=23,-0.0,0.0,0.0,0.0,0.0,-0.0,0.0,0.0,0.0,0.0,0.11946691633909859,0.14675996967953173,0.12739360316272158,0.0,0.0,0.0,0.0,-0.0,-0.0,0.0,0.0,0.0,0.0,0.0
Day-ahead Price [GBP/MWh]_standardized d-2 h=24,-0.0,0.0,0.012702141467869988,0.02242560611166416,0.1832367481861751,0.24843026467394597,0.13646943594443356,0.04624062931380484,0.0,0.0,0.0,0.0,0.10695029015733848,0.23472238525089992,0.3577527373040046,0.5531779652074167,0.4800790333999063,0.13779103049590116,0.0,0.0,0.0,0.0,0.0,0.0
Day-ahead Price [GBP/MWh]_standardized d-3 h=1,-0.005537601644181677,-0.021017431305834357,-0.044598346237173674,-0.015248628902408664,-0.174032238438814,0.0,-0.0,-0.0,-0.0,-0.0,0.0,0.0,0.0,0.0,0.08702518720992349,0.8925018795392115,0.6462180073468334,0.006832746754981555,0.0,-0.0,0.0,-0.0,-0.0,-0.07435129899876139
Day-ahead Price [GBP/MWh]_standardized d-3 h=2,-0.0,-0.0,-0.0,-0.0,-0.0,-0.251622413721401,-0.11104854869248218,-0.12892889640158547,-0.10452955863856829,-0.057454772619515905,-0.08320587768540429,-0.12826453252884457,-0.13078023995317806,-0.19958973733546306,-0.0,-0.0,-0.0,-0.0,-0.0,-0.06378605859446435,-0.0,-0.0,-0.10308821134904024,-0.0
Day-ahead Price [GBP/MWh]_standardized d-3 h=3,-0.0,-0.0,-0.0,0.0,-0.0,-0.0,0.0,0.0,0.0,0.0,0.0,-0.0,-0.0,-0.0,-0.1321642708021125,-1.4155910856016953,-0.8827258189972926,-0.12534182443083253,-0.04484276793083896,-0.04978168365582717,-0.250131924132178,-0.24380119696157193,-0.16521345181500566,-0.22994917107942728
Day-ahead Price [GBP/MWh]_standardized d-3 h=4,-0.0,-0.0,0.0,0.09955395574069781,0.2665415436586126,0.4756960238461285,0.25333010861136324,0.12166569919839187,0.07247833606327662,0.060501303482130696,0.15323496967254308,0.17871239335099165,0.17062908191932927,0.20108865619202212,0.0,0.2594969761383407,0.14676858067579737,0.02607131090996883,0.0,0.0,-0.0,-0.0,-0.0,-0.0
Day-ahead Price [GBP/MWh]_standardized d-3 h=5,-0.0,0.0,0.017995650259893217,0.04973061077278994,0.14794740372797366,0.0,0.0,-0.0,-0.0,-0.0,-0.0,0.0,0.0,0.0,0.49809455283253623,1.3798603334062767,1.0877893521453827,0.2285196040953519,0.09375654490545113,0.18490762583730905,0.44634617071775007,0.37500215988609964,0.23547572122746524,0.1408240217671649
Day-ahead Price [GBP/MWh]_standardized d-3 h=6,-0.017231096643843875,-0.0,-0.0,-0.22558648333401524,-0.29858004302726027,-0.21953296131079597,-0.08950401827183642,-0.005507367452633766,-0.015538064036733187,-0.005169007842252981,-0.050040447079363386,-0.061805223584732914,-0.030663962763296387,-0.053914966750362704,-0.4981971764644878,-1.1202817065454334,-0.7642495121217346,-0.028076144671422186,-0.0,0.0,0.0,0.11715102110927389,0.25291456490738645,0.3495531301918497
Day-ahead Price [GBP/MWh]_standardized d-3 h=7,-0.0,-0.026918035957300898,-0.0578704676698648,-0.0,-0.2611309016089921,-0.11753983973904394,-0.0,0.0,0.0,-0.0,-0.0,-0.010469832106494978,-0.0014405726565839233,-0.0,0.0,0.0,0.0,-0.0,-0.022759029794103776,-0.023285703740591815,-0.12652461226092562,-0.2807093948250807,-0.38075013002967123,-0.3323828843798439
Day-ahead Price [GBP/MWh]_standardized d-3 h=8,0.0,0.0,0.0,0.05245454422427179,0.2931161733061039,0.3150431077575152,0.09419308852393614,0.06311579548344834,0.11035048423681587,0.1000292694931138,0.10202088211337046,0.0,0.0,0.0,0.0,0.3144769783500072,0.018366385228489827,0.0,-0.0,-0.0,-0.0,-0.0,-0.0,-0.0
Day-ahead Price [GBP/MWh]_standardized d-3 h=9,0.0,0.0,0.0,0.0,0.0,0.0,-0.0,-0.0,-0.0,-0.0,0.0,0.0,-0.1553393885917315,-0.10619932842108241,-0.0,-0.964475303377169,-0.5286485112282004,-0.19670725355319213,0.0,-0.023824646697037707,-0.08309092599205238,-0.0,0.0,0.0
Day-ahead Price [GBP/MWh]_standardized d-3 h=10,0.0,0.06514742981740801,0.2152213083696508,0.4630603949261953,0.2162362981204523,-0.0,-0.0,-0.071468211230951,-0.05968568559859634,-0.055635803151299554,-0.0,-0.0,-0.01496571855571776,-0.19295078826063808,-0.33743041260119166,-0.0,-0.0,-0.0,0.0,-0.0,-0.0,-0.0,0.039552619736008716,0.016520566806655444
Day-ahead Price [GBP/MWh]_standardized d-3 h=11,0.0,0.0,0.0349227473523565,0.0,0.0,0.0,-0.0,-0.0,-0.0,-0.0,-0.02635662253077407,-0.0,-0.0,-0.0,-0.0,0.0,0.0,0.0,0.0,0.0,-0.0,-0.0,-0.0,-0.0
Day-ahead Price [GBP/MWh]_standardized d-3 h=12,0.0,0.0,-0.0,-0.14082569507468157,-0.0,0.0,0.0,0.0,0.0,-0.0,-0.0,0.0,-0.0,-0.0,-0.0,0.0,0.0,-0.0,-0.1254248917980651,-0.09657817790901695,-0.0,-0.0,0.0,-0.0
Day-ahead Price [GBP/MWh]_standardized d-3 h=13,0.021412258480783753,0.03618759170653924,-0.0,-0.08462271646044442,-0.12241744809341568,0.0,-0.0,-0.0,0.03022440121335344,0.1189438701064187,0.2058440620087949,0.17761799823287483,0.0,-0.0,-0.0,0.0,-0.0,-0.0569955790348717,-0.0,-0.0,0.0,0.29565310150085583,0.46428683284709527,0.47070280300870965
Day-ahead Price [GBP/MWh]_standardized d-3 h=14,0.0,0.0,-0.0,-0.0,-0.0,0.0,0.0,0.0,0.041643802202080624,0.0,0.0,0.0,0.08142439277526269,0.04710117881702122,0.39533107555578983,0.6253199491028807,0.8903989865755179,0.2253799686262744,0.0,0.05165182261068643,0.10711886191731483,-0.0,-0.0,-0.0
Day-ahead Price [GBP/MWh]_standardized d-3 h=15,-0.01682744508962205,-0.11777440307845559,-0.26711839784436076,-0.25112047373034985,-0.04164263494560691,-0.041321758914549374,-0.04771545717010845,-0.0,-0.0,-0.03405526834976971,-0.1559287385389794,-0.05921169330495635,-0.0,-0.0,0.0,0.8399113117284781,0.2482084099256687,-0.0,-0.06304255522364913,-0.0,-0.0,-0.10243498653407823,-0.0731576081697804,-0.20231615886975432
Day-ahead Price [GBP/MWh]_standardized d-3 h=16,0.015964804095364077,0.08584051837555759,0.16720478635747746,0.2135858041071695,0.0,-0.0,-0.0,0.0,0.0,-0.0,-0.0,-0.0,0.0,-0.0,-0.08548777045493833,-0.43457021528367484,-0.33788432782946076,-0.09059972700420618,-0.06339612807299949,-0.04166499909436658,-0.00994583692544304,-0.0,0.017407707090000255,0.1000134288782124
Day-ahead Price [GBP/MWh]_standardized d-3 h=17,0.0,0.0,0.0,0.0,0.24769397865595916,0.11804226359892714,0.09855573562567771,0.14565955190490457,0.13608961243108034,0.1391413713582856,0.1698752110237965,0.13437814908292806,0.07735721018894631,0.040670086740027714,0.0,-0.0,-0.0,0.0,0.0,0.0,0.0,0.0,0.0,0.0
Day-ahead Price [GBP/MWh]_standardized d-3 h=18,-0.0,-0.0,-0.0,-0.05762585769491953,-0.5294975390863038,-0.2813763251097878,-0.0,-0.0,-0.0,-0.0,-0.0,-0.0,-0.0,0.1334650741243099,0.267287712919315,0.08762729621786815,0.37661069702092853,0.25855050293947085,0.5192724093941642,0.19397656006850428,0.18104331961224213,0.19522176360297572,-0.0,-0.0
Day-ahead Price [GBP/MWh]_standardized d-3 h=19,-0.0,0.01103087479783102,0.05504487229671324,0.0,-0.0,-0.0,-0.0,-0.09236225837881902,-0.054594328868957515,-0.1326921523023024,-0.07516564697910226,-0.14561239229818498,-0.0,0.055850434093660126,0.0,0.0,0.0,0.0,0.0,0.0,0.0,0.0,0.0,0.0
Day-ahead Price [GBP/MWh]_standardized d-3 h=20,-0.0,0.0,0.0,0.27918448591492484,0.767745048326277,0.3025556047760186,-0.0,-0.0,-0.24143794454408332,-0.0,-0.06280888876724842,-0.04546406742380233,-0.0,-0.0,-0.5368748308567565,-1.4238999884486063,-1.6547569531748596,-0.4624405402834163,-0.26017758690323634,-0.0,-0.06182608366084352,-0.0,0.0,0.0
Day-ahead Price [GBP/MWh]_standardized d-3 h=21,-0.0069022285743856595,0.0,-0.0,-0.0,-0.0,0.11187379384586096,0.025185139956438132,0.1635501860477464,0.4051879034555059,0.1276414240489699,0.15557209843587194,0.22550806090628242,0.0,0.0,-0.0,-0.0,-0.0,0.0,0.0,0.0,0.0,-0.15020271693135404,-0.08362902330989341,-0.0
Day-ahead Price [GBP/MWh]_standardized d-3 h=22,-0.0,0.0,-0.0,-0.0,-0.0,0.0,0.2697719258073654,0.2758396857590925,0.0,0.08530416770547646,0.0,0.07640201971531463,0.5515685966269201,0.7932785440722805,1.0522615231632835,1.4606311081146965,1.3930100845339481,1.150227419619711,0.7310750763897761,0.6859970769412842,0.09229494517000743,0.0,-0.0,-0.0
Day-ahead Price [GBP/MWh]_standardized d-3 h=23,0.0,0.0,0.03813462734082709,0.0,0.22131737812246904,0.18758820855185304,0.0,-0.0,-0.0,-0.0,-0.0,-0.0,-0.0,-0.0,0.0,0.0,0.0,-0.0,-0.0,-0.33309236347911786,-0.0,0.0,0.0,0.0
Day-ahead Price [GBP/MWh]_standardized d-3 h=24,-0.0,0.0,-0.0,-0.0,-0.0,-0.0,-0.0,-0.0,-0.0,-0.0,-0.0,-0.0,-0.06862832383211624,-0.4046169638663962,-1.0201943326324925,-0.47573470890061775,-0.9603161372777738,-0.7860904500714965,-0.4748142138686529,-0.004455563245090851,-0.0,0.0,0.0,0.0
Day-ahead Price [GBP/MWh]_standardized d-7 h=1,0.0,0.0,0.0,-0.0,-0.0,0.0,0.1814028496649728,0.12152396638820605,0.14294220515155184,0.3093040955656157,0.27708374771731376,0.26732002936673477,0.33187938929200356,0.23704441922182515,1.0752417002143795,1.6424513487963432,1.861380032030518,0.017240340080863892,0.0,0.14568666072861317,0.28141379093919555,0.14276646193978876,0.11316270419720485,0.030796560543727782
Day-ahead Price [GBP/MWh]_standardized d-7 h=2,0.0,0.0,0.0,-0.0,0.0,0.020042270645914455,0.0,0.0,0.0,0.0,0.0,0.0,0.0,0.0,0.21883990703208847,0.9865377213499426,0.19271796850550363,1.1670931192220788,0.3374426268402415,0.0,0.0,0.0,0.0,0.0
Day-ahead Price [GBP/MWh]_standardized d-7 h=3,-0.03335734945150117,-0.11157075780926255,-0.1575087655435211,-0.09175613795994836,0.0,0.011612845549679545,-0.0,-0.0,-0.07209935011137365,-0.3162158698475402,-0.23165547993266983,-0.2324104099361828,-0.28722988235682567,-0.22707269762255625,-1.3411453509062474,-3.076627683956579,-2.467198841804648,-1.3687137351745355,-0.4203837247097538,-0.02734194005416722,-0.19881488675847162,-0.11966613998117397,-0.15995005472123824,-0.14251590838408973
Day-ahead Price [GBP/MWh]_standardized d-7 h=4,-0.0,0.0,0.0,0.0,0.06680553576084977,0.0,-0.08940081509987781,-0.08106567199192753,-0.05870530645355928,-0.0,-0.0,-0.0,-0.0,-0.0,-0.0,-0.0,-0.008198389446079942,-0.07597334391835217,-0.06326611646713394,-0.11012066278587171,-0.0,-0.0,0.0,0.0
Day-ahead Price [GBP/MWh]_standardized d-7 h=5,0.010445623066076047,0.07713723960415658,0.24162150025134993,0.37057722607063837,0.280603638223745,0.13028298951253553,0.0,-0.0,0.0,0.023680646183461565,0.0,0.0,0.0,0.004527519924586953,-0.0,-0.31317021970668096,-0.3434541064886708,-0.06372368637746463,-0.0,0.0,-0.0,-0.01692488539643489,-0.0,0.0
Day-ahead Price [GBP/MWh]_standardized d-7 h=6,0.0032937704860137654,-0.0,-0.10898357287948252,-0.26317928888375297,-0.13124952632666975,0.0,0.0,-0.0,0.0,0.0,-0.0,-0.0,-0.0,0.0,-0.02153558986474866,-0.0,-0.0,-0.0,-0.0,-0.0,-0.18418962203952288,-0.2694860278954016,-0.27238886802496837,-0.16094198653548103
Day-ahead Price [GBP/MWh]_standardized d-7 h=7,0.0,0.015074007758027507,-0.0,-0.0,-0.1690113633871556,-0.07398224470013774,-0.1425643501806076,-0.2215203881249232,-0.168011536758756,-0.14980213423988598,-0.09047182651626803,-0.053945467616521185,0.0,0.0,0.0,0.08327424249123008,0.008102089704219308,0.0,-0.0,-0.0,0.0,0.049895337610384144,0.045070042540829,0.0
Day-ahead Price [GBP/MWh]_standardized d-7 h=8,-0.0,0.0,-0.0,-0.0,0.0,-0.0,-0.0,-0.0006055249742608702,-0.09592897122423315,-0.019143405464175877,-0.0,-0.017168697665422027,0.0,0.0,0.18942266809631503,0.4863199258468601,0.6969234175522682,0.37935377245829527,0.0,-0.0,-0.0,-0.0,0.0,0.0
Day-ahead Price [GBP/MWh]_standardized d-7 h=9,-0.026790634618932566,-0.07506658245916879,-0.04269230925441188,-0.13177367210730162,-0.0,-0.0,-0.0,-0.0,-0.004144776901732235,-0.0,-0.0,-0.0,-0.0,-0.0,0.0,0.0,0.0,-0.0,-0.0,-0.08917409130662987,-0.16487407439557886,-0.002206576601829127,-0.0,-0.01010599555093472
Day-ahead Price [GBP/MWh]_standardized d-7 h=10,-0.0,-0.0,-0.13556610025480498,-0.04031215065161767,-0.0,-0.02162529397229942,-0.0,-0.0,-0.00960671840502684,-0.24778877224236945,-0.36339699358691663,-0.4026660793977749,-0.3236207777555207,-0.1865594354569553,-0.21016993275300705,-0.0,-0.18104777922128557,-0.7112933186830287,-0.5719117022710206,-0.34946116308837394,-0.0,-0.0,0.0,-0.0
Day-ahead Price [GBP/MWh]_standardized d-7 h=11,0.0,0.0,-0.0,-0.0,0.0,-0.0,-0.0,-0.11213521230591887,-0.0933887286171505,-0.0,-0.0,-0.0,-0.0,-0.0,-0.0,-0.6209956744875541,-0.5597551528901299,0.0,0.0,0.0,0.0,0.0,0.058905276469044414,0.0
Day-ahead Price [GBP/MWh]_standardized d-7 h=12,0.0,-0.0,0.0,-0.0,-0.0,-0.0,-0.0,-0.0,-0.0,0.0,0.0,0.0,-0.0,0.0,0.0,-0.0,0.0,0.8166283147091494,0.7068455687831747,0.5109289607861978,0.1453801443044809,0.0,0.0,0.0
Day-ahead Price [GBP/MWh]_standardized d-7 h=13,0.0,0.0,0.006767841854825585,0.0,-0.0,0.0,0.33243812293822456,0.47488585295098007,0.4143747154058111,0.28313283223617514,0.32832464966176855,0.4071922103140076,0.39312657935272455,0.41282791753243714,0.7597752288400439,1.1280808010631007,1.1776913195897505,8.12914150675263e-05,0.0,0.0,0.2700823086270788,0.4615763700882536,0.05279524467186114,0.1375102925305469
Day-ahead Price [GBP/MWh]_standardized d-7 h=14,0.05189675753098462,0.08381355093183271,0.07525230501001912,0.34713498175531465,0.31257585531227794,0.19527672325462545,0.0,0.0,0.0,0.0,-0.0,-0.0,0.0,0.0,-0.0,0.1416675869954854,0.1463522112626718,0.0,0.0,0.0,-0.045460916016780234,-0.1816651037982144,-0.0,0.0
Day-ahead Price [GBP/MWh]_standardized d-7 h=15,0.0,0.015620877653939314,0.09068990530540136,0.0,0.032000749775604694,0.0,0.0,0.0,0.0,0.060487438134831595,0.0,-0.0,0.0,0.0,-0.0,0.0,0.0,-0.0,0.16164817422392014,0.017733869788007613,-0.0,-0.19440818317825317,-0.3531176704224775,-0.398859056059837
Day-ahead Price [GBP/MWh]_standardized d-7 h=16,0.0,0.0,0.0,0.03993076333792132,0.10375285020408745,0.11273069591813421,0.11577491135176445,0.16805372676343358,0.13111064888932925,0.10807619699124826,0.13587667830985184,0.06258191760541527,0.11375360396489091,0.15841797071557212,-0.0,-0.00948889910045989,-0.0,-0.0,0.0,0.033844619926523774,0.0,-0.0,-0.0,-0.041138552648511656
Day-ahead Price [GBP/MWh]_standardized d-7 h=17,0.0,0.0,0.0,0.0,0.0,0.0,0.0,0.0,0.0,-0.0,-0.0,-0.0,-0.0,-0.0,-0.10837643157273076,-0.6622052797472872,-0.6992928662302881,-0.2909642360026897,-0.0,-0.0,-0.006067075335930469,-0.0,0.0,0.0
Day-ahead Price [GBP/MWh]_standardized d-7 h=18,-0.0,0.0,0.0,0.0,-0.10493796890021942,-0.30420283940431997,-0.3862422825970234,-0.3753044643433113,-0.23780212089568634,-0.2404690285670945,-0.2630889342774534,-0.13502732307907298,-0.28476105928961154,-0.44231540670498787,-0.3354291241538614,0.0,0.0,-0.0,-0.41907602997581933,-0.2825484740209177,-0.07771213682886098,0.1389091454315405,0.430847269653155,0.5751294793316227
Day-ahead Price [GBP/MWh]_standardized d-7 h=19,-0.0,-0.0,0.0,0.0,-0.0,-0.024792415922929238,-0.0,-0.0,-0.0,-0.0,-0.0,-0.0,-0.0,-0.0,-0.0,0.0,0.0,-0.0,-0.0,-0.0,-0.0,0.06005705720077186,0.12553344168885736,0.0
Day-ahead Price [GBP/MWh]_standardized d-7 h=20,-0.005946376170391465,-0.012774128128554963,-0.0,-0.26498100481410486,-0.37878595757302597,-0.0,0.088966091018934,0.04404781888090267,0.035047438755290754,0.17543794611384525,0.27951114847298736,0.16722306809398713,0.18393631660711726,0.15355582787342786,0.0,0.0,0.0,0.0,0.10407848106071695,0.05548941449322792,0.017978535615705907,0.0,0.010462343749623708,0.04002167057938201
Day-ahead Price [GBP/MWh]_standardized d-7 h=21,-0.0,-0.0,-0.027299873048740445,-0.0,0.0,0.0,-0.0,-0.0,-0.0,-0.0,-0.07052908595260843,-0.0,-0.0,0.0,0.0,0.6408757035043942,0.44163957843428714,0.3663695451418093,0.17479458402790715,0.17036456428783034,0.0,-0.0,0.0,0.0
Day-ahead Price [GBP/MWh]_standardized d-7 h=22,0.0,-0.0,0.0,0.0,0.08351462971072045,0.0699500042712516,-0.014755806147800154,-0.11999476658164349,-0.0,-0.0,-0.028855079730583696,-0.06435121440816062,-0.014312388213460201,-0.0,0.10332881868554904,0.06127985820286922,0.4367469279557967,0.012937963736916422,-0.0,-0.0,0.0,-0.0367187100461085,0.0,0.0
Day-ahead Price [GBP/MWh]_standardized d-7 h=23,0.0,-0.0,0.0,-0.0,-0.0,-0.0,-0.0,-0.0,-0.0,0.0,0.0,0.0,0.0,-0.0,0.0,0.0,0.0,0.0,-0.0,-0.0,-0.0,-0.0,-0.0,-0.0
Day-ahead Price [GBP/MWh]_standardized d-7 h=24,0.000571658646055869,-0.0,0.0,-0.0,-0.18003850805216753,-0.21224500010880276,-0.08738624783290773,-0.0,-0.13503972406922862,-0.14979728569869025,-0.12326736011248962,-0.14743481830207122,-0.1774364296278325,-0.1081025967788291,-0.18900798481665848,-0.3783989941446562,-0.6060297896574418,-0.39690434336955477,-0.2576878025967893,-0.2978472351355575,-0.30782795114124656,-0.455481859677108,-0.5440550995949933,-0.5641315517253231
Net Load_standardized d-0 h=1,-0.0,-0.0,-0.0,-0.060901350913483886,-0.2779382570982516,-0.6176877035938311,-0.8293138112088372,-0.6579955529452018,-0.6002731710963116,-0.5489960467040775,-0.5905134597255536,-0.6313198938004717,-0.44975666816253956,-0.452332093477744,-0.7321197076853883,-1.1894014198801934,-1.1013417205964025,-0.23180781684659577,-0.05909955754963075,-0.14457066626374457,-0.1423400105941584,-0.22826261428302946,-0.4520124561965389,-0.1752474689751296
Net Load_standardized d-0 h=2,0.0,0.0,0.0,-0.0,-0.0,0.0,0.0,-0.0,-0.0,-0.0,-0.0,-0.0,-0.0,-0.0,0.0,-0.0,-0.0,0.0,-0.0,-0.0,-0.0,-0.0,-0.0,-0.0
Net Load_standardized d-0 h=3,0.0,0.0,0.0,-0.0,-0.0,0.0,0.0014181736760954227,0.0,-0.0,-0.0,-0.0,-0.0,-0.0,-0.0,-0.0,-0.0,-0.0,-0.0,-0.5426948987468223,-0.5817293924271617,-0.46542404684456595,-0.39540089185714183,-0.40769284775450226,-0.5257226084228812
Net Load_standardized d-0 h=4,0.02636416416483314,0.09124492327128325,0.004444783466527937,0.0,0.0,0.0,0.0,0.0,-0.0,-0.0,-0.0,-0.0,-0.0,-0.0,-0.0,-0.0,-0.0,-0.0,-0.0,-0.0,-0.0,-0.0,-0.0,-0.0
Net Load_standardized d-0 h=5,0.025070619976387522,0.0,0.0,0.0,0.0,0.15073084836025138,0.34039297653321676,0.0,0.0,-0.0,-0.0,-0.034720695390009486,-0.0,-0.0,-0.0,-0.46560126710552086,-0.5972188573545226,-0.6902273564567849,-0.141042595978697,-0.0,0.0,0.0,0.0,0.0
Net Load_standardized d-0 h=6,0.0,0.0,0.0,0.0,0.22450087976127975,0.39601206268349687,0.0,0.02352351683789663,0.0,0.0,-0.0,-0.0,-0.0,0.0,-0.0,-0.0,-0.0,-0.0,-0.0,0.0,0.0,0.0,0.0,0.0
Net Load_standardized d-0 h=7,0.0,0.023976129309570462,0.1806862060909537,0.18931563444408878,0.06522746931057032,0.0,-0.0,-0.0,-0.0,-0.0,-0.0,-0.0,0.0,0.0,0.0,0.0,0.0,0.0,0.0,0.0,0.0,0.2522073033925044,0.3764650789306924,0.35336039118546947
Net Load_standardized d-0 h=8,0.0,-0.0,0.0,0.0,0.04418173862150902,0.10971714547118379,0.29310402378233574,0.19964050362285599,0.32188172705024276,0.12600266385796918,0.15529353328332757,0.18829074643692978,0.2000483365439344,0.2415849746857969,0.490277506013732,1.8728482372766482,1.8514041581790797,0.7609935324727602,0.4646348163123957,0.37077239436703563,0.30813499396237,0.0,-0.0,-0.0
Net Load_standardized d-0 h=9,0.0,-0.0,-0.0,0.0,0.0,-0.0,0.0,0.20346733697913102,0.11166779670452973,0.22457741609940549,0.09648581994977173,0.0,-0.0,-0.0,-0.0,-1.1542529373607961,-1.085536034297647,-0.046254195980138954,-0.0,0.0,-0.0,-0.0,-0.022305753819254818,-0.0359334617630711
Net Load_standardized d-0 h=10,0.010935476149231271,0.0,-0.0612228018330688,-0.0,-0.0,-0.0,0.0,0.0,0.0,0.0,0.0,0.0,0.0,0.0,0.0,0.23579649683938472,0.13827569119003086,0.0,-0.0,-0.0,-0.0,0.0,-0.0,0.0
Net Load_standardized d-0 h=11,0.01873930790258085,0.0,-0.0,-0.0,-0.03144415397294546,-0.151924696212146,-0.0,-0.0,-0.0,-0.0,0.0,0.0,-0.0,-0.0,0.0,-0.0,0.0,0.0,0.0,-0.0,-0.0,0.0,0.0,0.025178175644939647
Net Load_standardized d-0 h=12,0.0,0.0,0.0,0.0,-0.0,0.0,0.0,0.1473464301965069,0.11399938007602677,0.10236160877655061,0.10356057827655762,0.019394668118653216,0.0,-0.0,-0.0,-0.0,-0.0,0.0,0.0,-0.0,-0.0,0.0,-0.0,-0.0
Net Load_standardized d-0 h=13,0.0,0.03822352423711717,0.0,0.0,0.0,-0.0,0.0,0.0,0.0,0.0,0.0,0.0,-0.0,-0.09251711561803162,-0.303792868938151,-0.6085134251058876,-0.6505182895176971,-0.2650659843459364,-0.14245213296914677,-0.12068503030040509,-0.007139181830871649,0.0730241694599987,-0.0,0.0
Net Load_standardized d-0 h=14,0.0,0.0,0.0,-0.0,-0.0,-0.0,-0.03666994595511096,-0.09826024685209274,-0.0,-0.0,0.0,0.0,0.0,-0.0,0.0,-0.0,-0.0,0.0,-0.0,-0.0,-0.0,0.0,0.0,0.0
Net Load_standardized d-0 h=15,0.0,0.0017684028420568117,0.11671464048231978,0.09206875182473387,0.05532143642414293,0.0,-0.0,-0.0,-0.0,0.0,0.0,0.11257607889739665,0.0826241894624878,0.0,0.01790724382762176,0.0,0.0,0.0,0.0,0.0,-0.0,0.0,0.1275589102588684,0.18008807218952427
Net Load_standardized d-0 h=16,0.0,0.0,0.0,0.0,0.06846739828772984,0.14031649486638992,0.0,-0.0,0.0,0.0,0.0,0.0,0.0,0.0,0.0,0.8490520591805578,0.9898334116997357,0.0,0.0,0.0,0.0,0.0,0.13276838435259,0.0
Net Load_standardized d-0 h=17,-0.0,-0.0,-0.0,0.0,0.0,0.0,0.0,0.0,0.027436638775787805,0.136011465719014,0.2367419256239304,0.32736330111481415,0.2657519961658004,0.20235530629328638,0.36149609496650076,0.0,0.0,0.5530121815461394,0.2373303910284673,0.09175073077473811,0.04574517884024644,0.14293859798723746,0.0,-0.0
Net Load_standardized d-0 h=18,-0.0,-0.0,-0.1413674092223958,-0.23134750026865353,-0.5721405424298306,-0.34691956717891453,-0.0,-0.0,0.0,0.0,0.0,0.0,0.0,0.0,0.0,-0.0,-0.0,-0.0,-0.0,0.0,0.0,0.0,-0.0,-0.0
Net Load_standardized d-0 h=19,0.0,0.0,-0.0,0.0,0.3264529836021954,0.35437908046551514,0.0,0.0,0.0,0.02809736975151238,0.10286618940121847,0.06228880991256179,0.31369817736097855,0.856087921069836,0.7682492323906871,0.7068177246977937,0.42638387651690735,0.1657336316043647,0.08870158623141867,0.18425749540502923,-0.0,-0.14793210751009492,-0.2986662597452157,-0.08755730522345051
Net Load_standardized d-0 h=20,-0.0,0.0,-0.0,0.005710815677412216,0.16027705662879943,0.0,0.09938247249387976,0.0,0.0,0.0,0.0,0.0,0.0,0.0,0.2682871189573841,0.0,0.0,0.0,-0.0,-0.0,-0.0,-0.0,-0.0,-0.0
Net Load_standardized d-0 h=21,-0.04786662207019855,-0.12425043935234602,-0.09103533320494052,-0.0,-0.0,-0.0,0.0,0.0,0.0,0.0,-0.0,-0.0,-0.0,-0.0,-0.0,-0.0,-0.0,-0.0,-0.0,-0.0,-0.0,-0.0,-0.0,-0.22271353220633996
Net Load_standardized d-0 h=22,-0.0,-0.0,-0.0,-0.0,-0.134525121977365,-0.22623385355107542,-0.24324612353654504,-0.18083613942493668,-0.37943789546816603,-0.5847269989634196,-0.8022062781831001,-0.7521879313167406,-0.9483386681805269,-1.2323207220597183,-1.4009288676212497,-0.8383275583722163,-0.6930363551516063,-0.7037157966216455,-0.436716056182771,-0.3699044721986816,-0.09724695955629993,0.0,0.011924039147318133,0.0
Net Load_standardized d-0 h=23,0.0,-0.0,-0.0,-0.0,-0.009558003717941535,-0.0,0.0,0.0,0.0,0.0,0.0,0.0,0.0,0.0,0.0,0.0,0.0,-0.0,-0.0,-0.0,-0.0,0.0,0.0,0.0
Net Load_standardized d-0 h=24,0.06262304338534158,0.1437892591032199,0.1856085008975764,0.1145508286891754,-0.0,0.10320102375145791,0.19404627509312428,0.2126404076124468,0.3924984553622402,0.5608445667733292,0.723315761163747,0.6970985807716648,0.7235469972414121,0.6435131577449428,0.7379413355804773,0.718665573551772,0.8287840507261476,0.7392862813325317,0.585431769943563,0.4850625781529733,0.29598913376748287,0.25517120417507666,0.41013284925085924,0.5357606906165656
Net Load_standardized d-1 h=1,-0.013884118177024564,-0.0,0.0,0.0,-0.19396805975249473,-0.11268941044038602,-0.08781032762169486,-0.1604935620446833,-0.35732288787721145,-0.3691585205507513,-0.2679069795156424,-0.28729598943904505,-0.40098458724672165,-0.24643414164129282,-0.1261359669553835,-0.0,-0.0,-0.3940385027379663,-0.566673093780922,-0.2984551110169103,-0.17493221766577824,-0.22295790119219644,-0.28986500396003245,-0.32352086294379495
Net Load_standardized d-1 h=2,-0.005900951943950937,-0.03511350368886467,0.0,0.0,-0.0,-0.0,-0.0,0.0,0.0,0.0,-0.0,-0.0,-0.0,-0.0,-0.0,0.0,-0.0,-0.0,-0.0,-0.0,-0.0,-0.0,-0.0,-0.0
Net Load_standardized d-1 h=3,-0.0,-0.0,-0.0,0.0,-0.0,-0.0,0.0,0.0,0.0,0.0,0.0,-0.0,-0.0,-0.0,-0.0,-0.0,-0.0,-0.0,-0.0,-0.0,-0.0,-0.0,-0.0,-0.0
Net Load_standardized d-1 h=4,-0.0,-0.0,-0.0,0.0,-0.0,-0.0,0.0,0.0,0.0,0.0,0.0,0.0,0.0,0.0,-0.0,0.0,-0.0,0.0,0.0,-0.0,0.0,0.0,0.0,0.0
Net Load_standardized d-1 h=5,0.0,-0.0,-0.0,-0.0,-0.0,0.0,0.007002413143575196,0.0,0.22978227190045902,0.2546096865911921,0.0,0.0,0.3507319313759165,0.12195525564192213,0.0,0.0,0.0,0.0,0.10907919967992757,0.0,0.0245026019834472,0.06579616390985803,0.0,0.0
Net Load_standardized d-1 h=6,0.0,0.0,-0.0,-0.0,0.0,0.0,0.0,0.0,0.0,0.0,0.1667366384770091,0.23461846877234524,0.0,0.0,0.0,0.0,-0.0,0.6936765184168439,0.9475865476108506,0.6610106730275577,0.22177514049512304,0.17955118495974332,0.3905228284081889,0.37508387964612555
Net Load_standardized d-1 h=7,-0.0,-0.0,-0.15752095408831132,-0.31925314051775716,-0.0,0.028271622381510705,0.0,-0.0,0.0,0.0,0.0,0.0,-0.0,-0.0,-0.0,-0.33020085053329146,-0.22326022448224492,-0.0,-0.0,-0.0,-0.0,-0.0,0.0,0.0
Net Load_standardized d-1 h=8,-0.0,-0.0046032289721530785,-0.0,-0.0,-0.0,0.0,-0.05352542514926107,-0.026313221795461156,-0.024979072508797284,-0.0,-0.0,-0.3249202814457761,-0.38815317821167195,-0.25237202407880016,-0.5400055775248289,-1.3874397560207405,-1.2022854003978716,-0.8881018373800804,-0.7796380451415793,-0.4895584024586194,-0.14206412802349683,-0.0,-0.0,-0.13966927646686728
Net Load_standardized d-1 h=9,0.0,0.0,0.026946871000382042,0.22268497806063967,0.09234278150706463,0.0,-0.0,-0.0,-0.07257639283350041,-0.20104110759863408,-0.291599018794093,-0.0,-0.0,0.0,0.0,0.0,0.0,-0.0,-0.0,-0.2002051733706111,-0.3490264776736266,-0.35234890079668907,-0.3132365460052377,-0.0739596058382229
Net Load_standardized d-1 h=10,0.0,0.0,0.0,0.0,0.0,0.0,0.0004466890560547279,0.0,-0.0,-0.0,-0.0,-0.0,0.0,-0.0,0.0,1.5354924933324248,1.119229436949768,0.0,-0.0,-0.0,-0.0,0.0,0.0,-0.0
Net Load_standardized d-1 h=11,0.012156938222973666,0.0,0.0,0.0,0.0,-0.0,-0.0,-0.0,-0.0,-0.0,-0.0,-0.1903471898097565,-0.37604409688675755,-0.31307717175654287,-0.0,-0.0,-0.0,-0.3627622184166735,-0.6279133626011031,-0.3229050688761096,-0.0,0.0,0.0,0.0
Net Load_standardized d-1 h=12,1.6543105636899992e-05,0.054689816190748496,0.14372327684939937,0.11469607456094673,0.0,-0.0,-0.0,-0.29418016170262457,-0.32242585017984693,-0.25447882981391545,-0.04417068336025574,-0.0,-0.0,-0.0,-0.5043588422389338,-2.9270429456866958,-2.570814263828019,-0.01813125840795342,-0.0,-0.0,0.0,0.09331805179994199,0.00048466251393343505,0.0
Net Load_standardized d-1 h=13,0.0,0.0,0.0,-0.0,-0.0,-0.0,-0.0,-0.0,0.0,0.0,0.0,0.0,0.0,0.0,0.0,0.0,0.0,0.0,0.0,0.0,0.0,0.0,-0.0,-0.0
Net Load_standardized d-1 h=14,0.0,-0.0,-0.0,-0.0,-0.0,-0.0,0.0,0.43599714628243347,0.43002970138013236,0.4236751441254124,0.2470942288762372,0.3743731393631198,0.6846594745427147,0.5467412140467056,0.9469280849005092,2.346850917380399,2.4149940591857666,0.8583108475062289,0.9525904037029143,0.6438857091881461,0.2346100161564465,0.0,-0.0,-0.0
Net Load_standardized d-1 h=15,0.0,0.0,-0.0,0.0,0.0,0.0,0.06711210950598648,0.0,0.0,0.0,0.0,0.0,0.0,0.0,0.12733011245323042,1.4372155003475753,0.9685503855205105,0.0,0.0,0.0,0.0,-0.0,-0.0,-0.0
Net Load_standardized d-1 h=16,0.0,0.0,0.0,0.0,-0.0,0.013903155435191317,0.07306335240515086,0.0,0.0,0.0,0.0,0.0,-0.0,0.0,-0.0,-0.0,-0.0,-0.0,0.0,0.0,0.0,0.0,0.15360177460980937,0.0
Net Load_standardized d-1 h=17,-0.0,-0.0,-0.0,-0.0,-0.0,0.0,0.0,0.1323649981414491,0.2016882078797046,0.1427153721669991,0.0,0.0,0.0,-0.0,-0.036178122885487225,-0.9357003105026404,-0.7910929129747148,0.0,0.0,0.0,0.17800812398480528,0.16199859843053138,0.001779359888390148,0.14522640296984005
Net Load_standardized d-1 h=18,-0.015161337308077076,-0.052341884844784685,-0.07291275120842983,-0.07498886695168977,-0.0,0.0,0.0,0.0,0.0,0.052497263589064105,0.24381010105051748,0.13725253205529514,0.0,0.0,-0.0,-0.0,0.0,0.00720677068562895,0.0,0.0,0.0,-0.0,-0.0,-0.0
Net Load_standardized d-1 h=19,-0.0,0.0,-0.0,-0.13639540241565315,-0.0,-0.0,-0.0,-0.0,-0.0,-0.0,-0.0,-0.0,-0.0,-0.0,-0.4511712888711066,-0.0,-0.0,-0.04488427555885883,-0.4060457234454052,-0.1431601543128907,-0.0,-0.0,0.0,0.018798547253937915
Net Load_standardized d-1 h=20,-0.0,0.0,-0.0,-0.02336957587119538,-0.609870577733847,-0.7877980198507177,-0.9905028927779236,-1.159259791847967,-0.9481738658115921,-0.7550810875812046,-0.6859443535282926,-0.6457436652912293,-0.5273908577849706,-0.5383538602028514,-0.4039838208518899,-1.5147010512041659,-1.147421253420605,-0.6091621458593272,-0.0,-0.0,-0.2683907932546433,-0.08214522204976658,-0.0,0.0
Net Load_standardized d-1 h=21,-0.0,0.0,-0.0,-0.0,-0.0,-0.03895603780665988,-0.0,-0.0,-0.0,-0.0,-0.0,-0.0,-0.0,-0.0,-0.0,-0.0,-0.0,-0.0,-0.0,-0.0,-0.0,-0.0,-0.0,-0.0
Net Load_standardized d-1 h=22,-0.0,0.0,-0.0,-0.0,0.0,0.0,0.0,0.0,-0.0,-0.0,-0.0,-0.0,-0.0,-0.0,-0.0,-0.54758609916103,-0.9261501740515234,-0.0,-0.0,-0.2861667361217038,-0.0,-0.0,-0.0,-0.0
Net Load_standardized d-1 h=23,-0.0,0.0,0.0,0.13935310803092718,0.6451268080113834,1.036323581574112,1.2424447779793404,1.3254968514586063,1.042842207871359,0.8682978823411255,0.8670258168711122,0.9679191522590823,0.6735930552354501,0.6559070752955638,1.0098520478805018,2.666067314588552,2.792857209999064,0.738955017095092,0.0,0.0,0.0,0.0,0.0,0.0
Net Load_standardized d-1 h=24,-0.0,0.00324449152212746,0.017603177809538035,0.0,0.0,0.0,0.0,0.0,0.0,0.0,0.0,0.0,0.0,0.0,0.0,0.0,0.0,0.0,0.46148101136202935,0.6784030525515304,0.4080302818523919,0.23706685123865107,0.27384549215521237,0.10282709496048902
Net Load_standardized d-7 h=1,0.006418281447493166,0.02559608450023829,0.0,-0.0,-0.0,0.19287122611670113,0.045966106866902764,-0.0,0.0,0.0032362184807521776,0.0,0.15008980612247905,0.32630215588213396,0.2896023593417438,0.0,-0.021450600525543536,0.0,0.22344660917059617,0.44107207152998684,0.23760845329398309,0.0962744968264941,0.09039004012023956,0.07382626028733334,0.17302469315252633
Net Load_standardized d-7 h=2,0.0,0.0,0.0,0.0,0.0,0.0,0.0,-0.009926577580561233,0.0,0.0,0.0,0.0,0.0,0.0,0.0,0.0,0.0,0.0,0.0,0.0,0.0,0.0,0.0,0.0
Net Load_standardized d-7 h=3,0.0,0.0025467401598080323,0.04985651739500064,0.07350291352982544,0.2290558391851237,0.0,0.0,-0.0,0.0,0.0,0.0,0.0,0.0,0.0,0.0,0.0,0.0,0.30283233293442374,0.0,0.0,0.0,0.0,0.0,0.0
Net Load_standardized d-7 h=4,0.0,0.0,0.0,0.0,0.0,0.0,-0.0,-0.0,0.0,0.0,-0.0,-0.0,-0.0,-0.0,-0.0,-0.0,-0.0,-0.0,-0.0,-0.0,-0.0,0.0,-0.0,-0.0
Net Load_standardized d-7 h=5,0.0,0.0,0.0,-0.0,-0.0,-0.0,-0.06466327454498379,-0.0,0.0,-0.0,-0.017276792603430215,-0.2795962717700763,-0.5156189954066854,-0.3610931161261225,-0.04362880080293065,-0.0,-0.0,-0.9541279149954713,-0.766626610673678,-0.4191111162732579,-0.04459142943993398,-0.0,-0.0,-0.0
Net Load_standardized d-7 h=6,0.0,-0.0,-0.0,-0.11526402614167233,-0.3408356773031883,-0.2737588681862866,-0.0,-0.0,0.0,0.0,0.0,0.0,-0.0,-0.0,-0.0,-0.0,-0.0,-0.0,-0.0,-0.0,-0.0,0.0,-0.0,-0.05674207786513032
Net Load_standardized d-7 h=7,-0.0,-0.0,-0.0,-0.0,0.0,-0.0,-0.0,-0.0,-0.0,0.0,0.0,0.0,0.0,-0.0,-0.31089998149752224,-1.1736964984409,-0.9576563141541052,-0.0,-0.0,-0.0,-0.0,-0.0,-0.10136674514441812,-0.1756405783297515
Net Load_standardized d-7 h=8,-0.0,-0.01360350038177742,-0.09255614531962739,-0.0,0.011922498072042457,0.09877385373550666,0.12541326793439117,0.1358737155161478,0.1476615351634378,0.0957764233481367,0.06297370095867501,0.19937209575176015,0.2824850416748103,0.23724565648274434,0.9205057824081917,2.2299276862097406,1.9729308589113486,0.9962633160607688,0.525007572500724,0.28265096107379906,0.10960965272924304,0.07245749828230418,-0.0,-0.0
Net Load_standardized d-7 h=9,0.0,0.0,0.0,0.005616830541871378,0.0,-0.0,-0.0,0.0,0.0,0.0,0.0,-0.0,-0.0,-0.0,-0.0,0.0,-0.0,-0.0,-0.0,-0.0,-0.0,0.04652278567317479,0.15520932210002905,0.10860544199170466
Net Load_standardized d-7 h=10,0.0,0.017109041635430564,0.09003810462328503,0.0,-0.0,-0.0,-0.0,-0.13129984999940192,-0.0,-0.0,-0.0,0.0,-0.0,-0.18697735687924105,-0.5900254297670232,-0.7254880579736892,-0.8011629990306188,-0.37926504567195307,-0.0,-0.0,-0.020597901185425323,0.0,0.176851199409858,0.2607530156319079
Net Load_standardized d-7 h=11,0.0,0.0,0.0,0.0,-0.05215934230250823,-0.24314899788920397,-0.3712669245219012,-0.045405488453906795,-0.09300630774798252,-0.0,-0.0,-0.0,-0.0584513142090627,-0.0,-0.0,-0.0,-0.0,-0.0,-0.0,-0.0,-0.0,-0.0,0.0,0.0
Net Load_standardized d-7 h=12,0.0,0.0,0.0,0.0,-0.0,0.0,0.0,0.0,0.0,0.0,0.0,0.0,-0.0,0.0,0.0,-0.0,-0.0,0.0,0.0,0.0,-0.0,0.0,-0.0,-0.0
Net Load_standardized d-7 h=13,0.0,0.000572687333308674,0.019928121740432393,0.06704508910305461,-0.0013833437587111074,0.0,0.0,0.0,-0.0,-0.0,0.0,-0.0,-0.0,0.0,0.02930236971045795,0.11608454881924588,0.1816455029192349,0.09536623495144177,0.016360158197557376,0.0,-0.019549764883231676,-0.0,0.0,0.0
Net Load_standardized d-7 h=14,0.0,0.0,0.0,0.0,-0.0,0.0,0.014555027100436796,0.0,0.0,0.010394473882450569,0.04381620360796949,0.0,0.0,0.0,0.0,0.0,0.0,0.0,0.0,-0.0,-0.0,0.0,0.0,0.0
Net Load_standardized d-7 h=15,0.011202903327470506,0.0,0.0,0.0,-0.0,0.0,0.0,0.0,0.0,0.0,0.0,-0.0,-0.0,-0.0,-0.22428904643872224,-0.8669961228873693,-0.8092779991800226,-0.0,-0.0,-0.0,-0.0,0.0,0.0,0.0
Net Load_standardized d-7 h=16,0.0,-0.0,-0.0016493495027102242,-0.0731084414554397,-0.0,0.0,0.49127778185937393,0.05610957673855383,0.0,0.0,0.0,-0.0,-0.0,-0.0,-0.0,-0.0,-0.0,-0.0,-0.0,-0.0,-0.0,-0.0,-0.0,-0.0
Net Load_standardized d-7 h=17,0.0,-0.0,-0.0,-0.01847531170815886,0.0,0.21019423953585048,0.0,0.14843304142208327,0.0934962110583413,0.18245105875154327,0.34498344996786584,0.48029882647156924,0.45083632335276963,0.4283481335016209,0.9941402835572501,2.032132277705421,2.3293793871153983,0.4042824175114014,0.14856783693576914,0.14802730243344364,0.0,-0.0,0.0,-0.0
Net Load_standardized d-7 h=18,0.0,0.0,0.0,-0.0,0.0,-0.0,-0.5459265728641465,-0.3375873176959183,-0.0,-0.0,-0.04516662917268301,-0.34748182734270766,-0.4827287619357396,-0.37640188858481843,-1.0482474006723055,-2.073562030319461,-2.3137109026693246,-0.3990988793281873,-0.0,-0.0,-0.0,-0.14828978039915225,-0.16204927462633817,-0.119704428807939
Net Load_standardized d-7 h=19,0.0,0.0,0.0,-0.0,-0.16826926629520064,-0.19264975240063645,-0.2067395887540411,-0.4492376935244212,-0.7607203864247959,-0.8294803221731302,-0.901694215429795,-0.5299179684979171,-0.1674998489852917,-0.1946162947038608,-0.0,0.0,-0.0,-0.4987124124208716,-0.1292471375311522,-0.0,-0.03816064482399249,-0.0,-0.0,-0.0
Net Load_standardized d-7 h=20,0.0,0.0,0.0,-0.0,-0.0,0.0,-0.0,-0.0,-0.0,-0.0,-0.0,-0.0,-0.0,-0.0,-0.0,0.0,0.0,-0.0,-0.3313799579585653,-0.3082618257761192,-0.3849651719862799,-0.0,0.0,0.0
Net Load_standardized d-7 h=21,-0.0,-0.0,-0.09961242992163805,-0.20631147199494562,-0.0,0.08946439143629085,0.9101275461809456,1.164489161481104,1.0857241510815594,0.9865227667878488,0.905602973316417,0.4089224944590889,0.0,0.10922338083104206,0.11390184538959629,0.37598771880326937,0.1405459713735555,0.09514539259042654,0.0,0.0,0.4064822880791342,0.01465176413194695,0.0,0.0
Net Load_standardized d-7 h=22,-0.0,-0.0,-0.0,-0.0,-0.0,0.0,-0.0,-0.0,-0.0,-0.0,-0.0,0.0,0.13844582220097504,0.0,0.0,0.0,0.0,0.0,-0.0,-0.0,-0.0,-0.0,-0.09246114954004019,-0.12428342559136371
Net Load_standardized d-7 h=23,-0.0,-0.0,0.0,0.0,0.0,0.0,-0.6024514490980355,-0.8887576019886342,-0.831436589911831,-0.7025423837766394,-0.6301108711226023,-0.09520561414029008,-0.0,-0.0,-0.0,-0.0,-0.0,-0.0,-0.0,-0.0,-0.0,-0.0,-0.0,-0.0
Net Load_standardized d-7 h=24,-0.027127669680091657,-0.038351109884752675,0.0,0.09240436216802618,0.11785239148450515,0.07886080162041964,0.12439225100645732,0.25831941476510134,0.34204955505319845,0.2777248934561617,0.21709108774667144,0.0,0.06066478064555773,0.12589700249666527,0.26354039649071065,0.4065355154987668,0.6416529193066209,0.4178417645198097,0.33834652561345985,0.20592478145208432,0.003623892118396927,0.11544810480801809,0.1319715954567006,0.17959927222411565
d1,-0.0013188989452328638,0.0,0.037491752458859225,0.1867354451116197,0.06609093009231659,0.0,0.0,-0.09064897105058428,-0.1336334532587903,-0.09579724122771567,-0.04065116540979348,-0.07050146788696428,-0.18212674439964727,-0.24227049696049535,-0.35704056402484013,-0.7230397618070737,-0.4900224260945494,-0.5657876699304963,-0.5345870656486291,-0.5243291146352916,-0.3036117116685126,-0.20529865023469235,-0.259688173496457,-0.2650834137319521
d2,0.0,0.007316539559036752,-0.0,0.05921636518274689,0.0,0.011064549586107846,0.09262547263507594,0.0,-0.0,0.0,0.030740095117455766,0.10004684157165397,0.13337453844684669,0.15812073225721388,0.23042287691229063,0.18947605337935375,0.41675144904264716,0.28627945993112697,0.22367884698685325,0.08323285422330895,0.05817241112462932,0.06473800446494707,0.0330654297799434,0.0
d3,0.0060692835234723175,0.013187281778826436,0.02927356413103742,-0.0,-0.1425143088653365,-0.11999464573203356,-0.014522298922247354,-0.07776163228149033,-0.08452739460881707,-0.05706578365215354,-0.02989023463541049,-0.0,-0.0,-0.0,-0.14370716409302173,-0.5110395272258006,-0.313193509363849,-0.0,-0.0,-0.0,-0.0,0.0,0.0,0.015366589515532934
d4,0.0,-0.0,-0.0,0.024602506970109527,0.0,0.04489944177612002,0.12956831692882814,0.056083146192662206,0.034706214579116025,0.04267584844273183,0.03199500208379301,0.09912422307299597,0.14520233533491406,0.06210883417508643,0.08176861499288213,0.0,0.0,-0.0,-0.05756233913780464,-0.07851539804943286,-0.04717784908853573,-0.04467935197710919,-0.10118815484780956,-0.15409600464323064
d5,-0.0,-0.023902378882251104,-0.06354913038657614,-0.010340855502434201,0.0,0.010113077528596434,0.12105023550497938,0.09597917500148465,0.037181075970275736,0.0,0.0,-0.0,-0.05037692058350599,-0.0659132408248254,-0.1988761873884386,-0.7669670155591504,-0.6746719192972394,-0.184994133599056,-0.046969658082749784,-0.06810204935141585,0.01011846647324687,0.07353102948287243,-0.0,-0.11352395310859542
d6,-0.0,0.0,0.0,-0.042096656422381716,-0.33506593435510185,-0.4193139471544507,-0.01784782805158689,0.13338957368659304,0.2520761860474367,0.24954881071376048,0.24975256072886046,0.30620104965798745,0.2821985527786277,0.34828934843410697,0.634422888351382,0.9500415727852433,0.92846098390141,0.8903788646639524,0.6307286686026011,0.3340770449018901,0.24823782317969342,0.30934486682074414,0.4038298155707498,0.3772587322599261
d7,-0.0,-0.034359160096828906,-0.12368964972315773,-0.17873834764462015,-0.4580183993146912,-0.634164090626661,-0.457915248323001,-0.21314061069909537,-0.0,-0.0,-0.055021378788256484,-0.06804869091781611,-0.0,-0.0,0.0,0.0,0.0,0.3147597124063836,0.19056508751918785,0.014456235412814402,-0.0,-0.010017722793285522,0.0,0.0
