Feature,Coefficient - 1,Coefficient - 2,Coefficient - 3,Coefficient - 4,Coefficient - 5,Coefficient - 6,Coefficient - 7,Coefficient - 8,Coefficient - 9,Coefficient - 10,Coefficient - 11,Coefficient - 12,Coefficient - 13,Coefficient - 14,Coefficient - 15,Coefficient - 16,Coefficient - 17,Coefficient - 18,Coefficient - 19,Coefficient - 20,Coefficient - 21,Coefficient - 22,Coefficient - 23,Coefficient - 24,Coefficient - 25,Coefficient - 26,Coefficient - 27,Coefficient - 28,Coefficient - 29,Coefficient - 30,Coefficient - 31,Coefficient - 32,Coefficient - 33,Coefficient - 34,Coefficient - 35,Coefficient - 36,Coefficient - 37,Coefficient - 38,Coefficient - 39,Coefficient - 40,Coefficient - 41,Coefficient - 42,Coefficient - 43,Coefficient - 44,Coefficient - 45,Coefficient - 46,Coefficient - 47,Coefficient - 48,Coefficient - 49,Coefficient - 50,Coefficient - 51,Coefficient - 52,Coefficient - 53,Coefficient - 54,Coefficient - 55,Coefficient - 56,Coefficient - 57,Coefficient - 58,Coefficient - 59,Coefficient - 60
Last Closing Gas Price [GBpence/therm]_standardized,0.0,0.0,0.0,0.0,0.0,0.0,0.0,-0.0,-0.0,-0.0,0.0,0.0,0.0,0.0,0.0,0.0,0.0,0.0,0.005983397700582975,0.0,0.0,0.0,0.0,0.0,0.0,0.0,0.0,0.0,0.0,0.0,0.0,0.0,0.0,0.0,0.0,0.0,0.0,0.0,0.0,0.0,0.021575938491288485,0.04525492816833425,0.28235852124873384,0.5064733106361676,0.586898833241736,0.7316264984487468,0.8328373084187465,0.8045386224852279,0.873717296232539,0.8497417029022141,0.840314931059589,0.7455038685684718,0.7702439473731998,0.7851548771814852,0.8423748363747022,0.9804234638574735,1.0119407401203262,0.8101924851745689,0.7122366408964341,0.7220481797899859
Day-ahead Price [GBP/MWh]_standardized d-1 h=1,0.0,0.0,0.0,0.0,0.0,0.0,0.0,0.0,0.0,0.0,0.0,0.0,0.0,0.0,0.0,0.0,0.0,0.0,0.0,0.0,0.0,0.0,0.0,0.0,0.0,0.0,0.0,0.0,0.0,0.0,0.0,0.0,0.0,0.0,0.0,0.0,0.0,0.0,0.0,0.0,0.0,0.0,0.0,0.0,0.0,0.0,0.0,0.0,0.0,0.0,0.0,0.0,0.0,0.0,0.0,0.0,0.0,0.0,0.0,0.0
Day-ahead Price [GBP/MWh]_standardized d-1 h=2,0.0,0.0,0.0,0.0,0.0,0.0,0.0,0.0,0.0,0.0,0.0,0.0,0.0,0.0,0.0,0.0,0.0,0.0,0.0,0.0,0.0,0.0,0.0,0.0,0.0,0.0,0.0,0.0,0.0,0.0,0.0,0.0,0.0,0.0,0.0,0.0,0.0,0.0,0.0,0.0,0.0,0.0,0.0,0.0,0.0,0.0,0.0,0.0,0.0,0.0,0.0,0.0,0.0,0.0,0.0,0.0,0.0,0.0,0.0,0.0
Day-ahead Price [GBP/MWh]_standardized d-1 h=3,0.0,0.0,0.0,0.0,0.0,0.0,0.0,0.0,0.0,0.0,0.0,0.0,0.0,0.0,0.0,0.0,0.0,0.0,0.0,0.0,0.0,0.0,0.0,0.0,0.0,0.0,0.0,0.0,0.0,0.0,0.0,0.0,0.0,0.0,0.0,0.0,0.0,0.0,0.0,0.0,0.0,0.0,0.0,0.0,0.0,0.0,0.0,0.0,0.0,0.0,0.0,0.0,0.0,0.0,0.0,0.0,0.0,0.0,0.0,0.0
Day-ahead Price [GBP/MWh]_standardized d-1 h=4,0.0,0.0,0.0,0.0,0.0,0.0,0.0,0.0,0.0,0.0,0.0,0.0,0.0,0.0,0.0,0.0,0.0,0.0,0.0,0.0,0.0,0.0,0.0,0.0,0.0,0.0,0.0,0.0,0.0,0.0,0.0,0.0,0.0,0.0,0.0,0.0,0.0,0.0,0.0,0.0,0.0,0.0,0.0,0.0,0.0,0.0,0.0,0.0,0.0,0.0,0.0,0.0,0.0,0.0,0.0,0.0,0.0,0.0,0.0,0.0
Day-ahead Price [GBP/MWh]_standardized d-1 h=5,0.0,0.0,0.0,0.0,0.0,0.0,0.0,0.0,0.0,0.0,0.0,0.0,0.0,0.0,0.0,0.0,0.0,0.0,0.0,0.0,0.0,0.0,0.0,0.0,0.0,0.0,0.0,0.0,0.0,0.0,0.0,0.0,0.0,0.0,0.0,0.0,0.0,0.0,0.0,0.0,0.0,0.0,0.0,0.0,0.0,0.0,0.0,0.0,0.0,0.0,0.0,0.0,0.0,0.0,0.0,0.0,0.0,0.0,0.0,0.0
Day-ahead Price [GBP/MWh]_standardized d-1 h=6,0.0,0.0,0.0,0.0,0.0,0.0,0.0,-0.0,-0.0,-0.0,-0.0,-0.0,-0.0,-0.0,-0.0,-0.0,-0.0,-0.0,-0.0,-0.0,-0.0,-0.0,-0.0,-0.0,-0.0,-0.0,-0.0,-0.0,-0.0,-0.0,-0.0,-0.0,-0.0,-0.0,-0.0,-0.0,-0.0,-0.0,-0.0,-0.0,-0.0,-0.0,-0.0,-0.0,-0.0,-0.0,-0.0,-0.0,-0.0,-0.0,-0.0,-0.0,-0.0,-0.0,-0.0,-0.0,-0.0,-0.0,-0.0,-0.0
Day-ahead Price [GBP/MWh]_standardized d-1 h=7,0.0,0.0,0.0,0.0,0.0,0.0,0.0,-0.00043014204796780605,-0.14135331442763974,-0.1346124628478015,-0.10335553814196276,-0.10928584975478042,-0.15861753042621407,-0.11495127804662271,-0.0947341839081896,-0.09066507943010789,-0.08358820432073356,-0.10686081897327922,-0.09584892191393611,-0.10015603391323108,-0.15028690306914466,-0.14405790771813978,-0.14434279039931805,-0.14790351104732366,-0.1228556227013946,-0.12471945279307932,-0.16337385698010543,-0.176025264686515,-0.1623142552343669,-0.16123454222501266,-0.1713919028304593,-0.17638980618594502,-0.18314553902192188,-0.16937101997136259,-0.1723873607497653,-0.13140004001279543,-0.12278797613387653,-0.11593740211604361,-0.16225940745466094,-0.1614486969726242,-0.1562350363027251,-0.15036068708434344,-0.1870384190464236,-0.11383828251952519,-0.10647097052834686,-0.11785414225416797,-0.11920924852250073,-0.1217646329335315,-0.0963980883908446,-0.15356143767484812,-0.08927757801296417,-0.07939226737384754,-0.08262255476463169,-0.08164300867890383,-0.05845727765650028,-0.08691214823392857,-0.05641084661887449,-0.06686362327173008,-0.08448042594969422,-0.06869216820439987
Day-ahead Price [GBP/MWh]_standardized d-1 h=8,0.0,0.0,0.0,0.0,0.0,0.0,0.0,-0.0,-0.0,-0.0,-0.0,-0.0,-0.0,-0.0,-0.0,-0.0,-0.0,-0.0,-0.0,-0.0,-0.0,-0.0,-0.0,-0.0,-0.0,-0.0,-0.0,-0.0,-0.0,-0.0,-0.0,-0.0,-0.0,-0.0,-0.0,-0.0,-0.0,-0.0,-0.0,-0.0,-0.0,-0.0,-0.0,-0.0,-0.0,-0.0,-0.0,-0.0,-0.0,-0.0,-0.0,-0.0,-0.0,-0.0,-0.0,-0.0,-0.0,-0.0,-0.0,-0.0
Day-ahead Price [GBP/MWh]_standardized d-1 h=9,0.0,0.0,0.0,0.0,0.0,0.0,0.0,-0.0,0.0,0.0,-0.0,-0.0,-0.0,0.0,0.0,0.0,0.0,0.0,0.0,0.0,0.0,0.0,0.0,0.0,0.0,0.0,0.0,0.0,0.0,0.0,0.0,0.0,0.0,0.0,0.0,0.0,0.0,0.0,0.0,0.0,0.0,0.0,-0.0,-0.0,-0.0,-0.0,-0.0,-0.0,-0.0,0.0,0.0,0.0,0.0,0.0,0.0,0.0,0.0,0.0,-0.0,-0.0
Day-ahead Price [GBP/MWh]_standardized d-1 h=10,0.0,0.012246651812337521,0.01074651082845403,0.084555593918281,0.03211480166822335,0.01985916324828514,0.08827807226107719,0.0,0.0,0.0,0.0,0.0,0.0,0.0,0.0,0.0,0.0,0.0,0.0,0.0,0.0,0.0,0.0,0.0,0.0,0.0,0.0,0.0,0.0,0.0,0.0,0.0,0.0,0.0,0.0,0.0,0.0,0.0,0.0,0.0,0.0,0.0,0.0,0.0,0.0,0.0,0.0,0.0,0.0,0.0,0.0,0.0,0.0,0.0,0.0,0.0,0.0,0.0,0.0,0.0
Day-ahead Price [GBP/MWh]_standardized d-1 h=11,0.0,0.0,0.0,0.0,0.0,0.0,0.0,0.0,0.0,0.0,0.0,0.0,0.0,0.0,0.0,0.0,0.0,0.0,0.0,0.0,0.0,0.0,0.0,0.0,0.0,0.0,0.0,0.0,0.0,0.0,0.0,0.0,0.0,0.0,0.0,0.0,0.0,0.0,0.0,0.0,0.0,0.0,0.0,0.0,0.0,0.0,0.0,0.0,0.0,0.0,0.0,0.0,0.0,0.0,0.0,0.0,0.0,0.0,0.0,0.0
Day-ahead Price [GBP/MWh]_standardized d-1 h=12,0.0,0.0,0.0,0.0,0.0,0.0,0.0,0.0,0.0,0.0,0.0,0.0,0.0,0.0,0.0,0.0,0.0,0.0,0.0,0.0,0.0,0.0,0.0,0.0,0.0,0.0,0.0,0.0,0.0,0.0,0.0,0.0,0.0,0.0,0.013774307755695098,0.0,0.0,0.0,0.0,0.0,0.0,0.0,0.0,0.0,0.0,0.0,0.0,0.0,0.0,0.0,0.0,0.028542554046949522,0.03757859820801853,0.028162189512820082,0.06530295961035804,0.08097571952536287,0.06460123265551236,0.0,0.0,0.0
Day-ahead Price [GBP/MWh]_standardized d-1 h=13,0.0,0.0,0.0,0.0,0.0,0.0,0.0,0.0,0.0,0.0,0.0,0.0,0.0,0.0,0.0,0.0,0.0,0.0,0.016959113430968144,0.026831916385110195,0.14919105611104627,0.14117422624637674,0.15818346141591969,0.19012550843021953,0.14245899171192855,0.14852905483176068,0.22292289733492104,0.25562443236514487,0.25444712814205944,0.2540031988669642,0.2643067023446654,0.2607028229345371,0.26204287213054733,0.24632781631317174,0.23977325283187742,0.24588715208900008,0.23727106924674482,0.23030527516221022,0.24774150571445158,0.24605603460801329,0.22502650669631988,0.22109379192799947,0.09170735931072972,0.2031379254846449,0.0,0.15014702531694568,0.13165363881904912,0.14787775630001462,0.1232876536949951,0.046312644915269756,0.0,0.0,0.0,0.0,0.0,0.0,0.0,0.0,0.0,0.0
Day-ahead Price [GBP/MWh]_standardized d-1 h=14,0.0,0.0,0.0,0.0,0.0,0.0,0.0,0.0,0.0,0.0,0.0,0.0,0.0,0.0,0.0,0.0,0.0,0.0,0.0,0.0,0.0,0.0,0.0,0.0,0.0,0.0,0.0,0.0,0.0,0.0,0.0,0.0,0.0,0.0,0.0,0.0,0.0,0.0,0.0,0.0,0.0,0.0,0.18045803244504424,0.0,0.193544671325248,0.00853800311779725,0.0,0.0,0.0,0.11501655575496293,0.11806794856763117,0.11920613692720794,0.09539429452874848,0.11423546109932763,0.06266496526207933,0.0,0.0,0.0,0.0,0.0
Day-ahead Price [GBP/MWh]_standardized d-1 h=15,0.0,0.0,0.034030595916436375,0.0026740765497338644,0.0679474282913364,0.008556785885557723,0.0,0.0,0.0,0.0,0.0,0.0,0.0,0.0,0.0,0.0,0.0,0.0,0.0,0.0,0.0,0.0,0.0,0.0,0.0,0.0,0.0,0.0,0.0,0.0,0.0,0.0,0.0,0.0,0.0,0.0,0.0,0.0,0.0,0.0,0.0,0.0,0.0,0.0,0.0,0.0,0.0,0.0,0.0,0.0,0.0,0.0,0.0,0.0,0.0,0.011600473936102376,0.0,0.0,0.0,0.0
Day-ahead Price [GBP/MWh]_standardized d-1 h=16,0.08638837798823591,0.12465393210300273,0.10342808285837489,0.11140819013156446,0.0851840278487956,0.12215318674302225,0.11487802505290741,0.13373078427898533,0.03949409684290141,0.0,0.0,0.03154642505580888,0.05339031215458562,0.03692362103722097,0.0,0.0,0.0,0.0,0.0,0.0,0.0,0.0,0.0,0.0,0.0,0.0,0.0,0.0,0.0,0.0,0.0,0.0,0.0,0.0,0.0,0.0,0.0,0.0,0.0,0.0,0.0,0.0,0.0,0.0,0.0,0.0,0.0,0.0,0.0,0.0,0.0,0.0,0.0,0.0,0.0,0.0,0.006535126933400388,0.0,0.0,0.0
Day-ahead Price [GBP/MWh]_standardized d-1 h=17,0.04847701565206003,0.0,0.0,0.0,0.0,0.0,0.0,0.0,0.01627382367369811,0.0632072468502262,0.040352824821017964,0.0042668270862024375,0.0,0.005412916533461433,0.044645786799156796,0.04144533692404675,0.03919609167273313,0.049970836150573225,0.04924021073234888,0.04733410692352499,0.04393479627910881,0.04397555381230229,0.04597666673796416,0.0435083975743914,0.0406113382945668,0.0404687303057574,0.04121025732723292,0.039284263402620034,0.037294004187566315,0.03753227129200428,0.038091910029024324,0.03967292844640938,0.04015323239465416,0.03888077049093775,0.03915067277965503,0.024883015550143057,0.01938417745588954,0.019017665902696112,0.03149920563756239,0.031531265426488896,0.033026002904131484,0.03112872818729794,0.03830538948560518,0.028824637326765268,0.02342151981144215,0.03578688429243217,0.049966667012554276,0.04813318484013809,0.04131425980323447,0.06370787526790106,0.04340377805311313,0.0,0.0,0.0,0.0,0.030015248676083506,0.02073824950579234,0.05946793285333866,0.05385606268830764,0.0439518507084267
Day-ahead Price [GBP/MWh]_standardized d-1 h=18,0.0,0.0,0.0,0.0,0.0,0.0,0.0,0.0,0.0,0.0,0.0,0.0,0.0,0.0,0.0,0.0,0.0,0.0,0.0,0.0,0.0,0.0,0.0,0.0,0.0,0.0,0.0,0.0,0.0,0.0,0.0,0.0,0.0,0.0,0.0,0.0,0.0,0.0,0.0,0.0,0.0,0.0,0.0,0.0,0.0,0.0,0.0,0.0,0.002928403713097721,0.0,0.0,0.0567557313402182,0.06965988812673182,0.06424519193000787,0.04872849012257538,0.0,0.0,0.0,0.038939460990829476,0.04923759430097612
Day-ahead Price [GBP/MWh]_standardized d-1 h=19,0.0,0.0,0.0,0.0,0.0,0.0,0.0,0.0,0.0,0.0,0.0,0.0,0.0,0.0,0.0,0.0,0.0,0.0,0.0,0.0,0.0,0.0,0.0,0.0,0.0,0.0,0.0,0.0,0.0,0.0,0.0,0.0,0.0,0.0,0.0,0.0,0.0,0.0,0.0,0.0,0.0,0.0,0.0,0.0,0.0,0.0,0.0,0.0,0.0,0.0,0.0,0.0,0.0,0.0,0.0,0.0,0.0,0.0,0.0,0.0
Day-ahead Price [GBP/MWh]_standardized d-1 h=20,0.0,0.0,0.0,0.0,0.0,0.0,0.0,0.0,0.0,0.0,0.0,0.0,0.0,0.0,0.0,0.0,0.0,0.0,0.0,0.0,0.0,0.0,0.0,0.0,0.0,0.0,0.0,0.0,0.0,0.0,0.0,0.0,0.0,0.0,0.0,0.0,0.0,0.0,0.0,0.0,0.0,0.0,0.0,0.0,0.0,0.0,0.0,0.0,0.0,0.0,0.0,0.0,0.0,0.0,0.0,0.0,0.0,0.0,0.0,0.0
Day-ahead Price [GBP/MWh]_standardized d-1 h=21,0.0,0.0,0.0,0.0,0.0,0.0,0.0,0.0,0.0,0.0,0.0,0.0,0.0,0.0,0.0,0.0,0.0,0.0,0.0,0.0,0.0,0.0,0.0,0.0,0.0,0.0,0.0,0.0,0.0,0.0,0.0,0.0,0.0,0.0,0.0,0.0,0.0,0.0,0.0,0.0,0.0,0.0,0.0,0.0,0.0,0.0,0.0,0.0,0.0,0.0,0.0,0.0,0.0,0.0,0.0,0.0,0.0,0.0,0.0,0.0
Day-ahead Price [GBP/MWh]_standardized d-1 h=22,0.1528602400422174,0.13282452804270187,0.1318324071727985,0.006779794820422188,0.0,0.0,0.0,0.15673515145906075,0.6125773872201233,0.6001092746945768,0.6571068119095713,0.6821332247465299,0.6310803127711009,0.6067809706255091,0.5620837572041006,0.5412823152244256,0.5342194794875058,0.5311695174524315,0.5470313548944389,0.5307893989892875,0.44237539157120676,0.43381234466466995,0.40984736995603865,0.3706868619685947,0.37388533846227817,0.369017808323822,0.3219052836425179,0.3201568659253857,0.19526278780023734,0.21250052526489552,0.18280749703881408,0.17425321058380872,0.18712040032104812,0.22493545951595065,0.19399378603091444,0.2177563146164994,0.18290840564173352,0.16779357689239371,0.18432355561458574,0.18353212767824673,0.1890851580575053,0.19753179326228987,0.0,0.0,0.0,0.0,0.0,0.0,0.0,0.0,0.0,0.0,0.0,0.0,0.0,0.0,0.0,0.0,0.0,0.0
Day-ahead Price [GBP/MWh]_standardized d-1 h=23,0.3132909918076997,0.3463296874587993,0.3476914348942968,0.4085151924048781,0.42236434503822157,0.44315580646694613,0.4343888754688508,0.18432475225005363,0.0,0.0016095680251402755,0.0,0.0,0.0,0.0,0.0,0.0,0.0,0.0,0.0,0.0,0.00799674373174122,0.02884942561432709,0.0,0.0,0.0,0.0,0.0,0.0,0.0,0.0,0.0,0.0,0.0,0.0,0.0,0.0,0.0,0.0,0.0,0.0,0.0,0.0,0.0,0.0,0.0,0.0,0.0,0.0,0.0,0.0,0.0,0.0,0.0,0.0,0.0,0.0,0.0,0.0,0.0,0.0
Day-ahead Price [GBP/MWh]_standardized d-1 h=24,0.0,0.0,0.0,0.0,0.0,0.0,0.0,0.0,0.0,0.0,0.02447195985811891,0.0,0.022412157671514298,0.0,0.0,0.0,0.0,0.0,0.0,0.0,0.0,0.0,0.0,0.0,0.0,0.0,0.0,0.0,0.0,0.0,0.0,0.0,0.0,0.0,0.0,0.0,0.0,0.0,0.0,0.0,0.0,0.0,0.0,0.0,0.0,0.0,0.0,0.0,0.0,0.0,0.0,0.0,0.0,0.0,0.0,0.018831826521421402,0.04294480603817449,0.011100635398303256,0.023425014225746502,0.05309291146137784
Day-ahead Price [GBP/MWh]_standardized d-2 h=1,0.0,0.0,0.0,0.0,0.0,0.0,0.0,0.0,0.0,0.0,0.0,0.0,0.0,0.0,0.0,0.0,0.0,0.0,0.0,0.0,0.0,0.0,0.0,0.0,0.0,0.0,0.0,0.0,0.0,0.0,0.0,0.0,0.0,0.0,0.0,0.0,0.0,0.0,0.0,0.0,0.0,0.0,0.0,0.0,0.0,0.0,0.0,0.0,0.0,0.0,0.0,0.0,0.0,0.0,0.0,0.0,0.0,0.0,0.0,0.0
Day-ahead Price [GBP/MWh]_standardized d-2 h=2,0.0,0.0,0.0,0.0,0.0,0.0,0.0,0.0,0.0,0.0,0.0,0.0,0.0,0.0,0.0,0.0,0.0,0.0,0.0,0.0,0.0,0.0,0.0,0.0,0.0,0.0,0.0,0.0,0.0,0.0,0.0,0.0,0.0,0.0,0.0,0.0,0.0,0.0,0.0,0.0,0.0,0.0,0.0,0.0,0.0,0.0,0.0,0.0,0.0,0.0,0.0,0.0,0.0,0.0,0.0,0.0,0.0,0.0,0.0,0.0
Day-ahead Price [GBP/MWh]_standardized d-2 h=3,0.0,0.0,0.0,0.0,0.0,0.0,0.0,0.0,0.0,0.0,0.0,0.0,0.0,0.0,0.0,0.0,0.0,0.0,0.0,0.0,0.0,0.0,0.0,0.0,0.0,0.0,0.0,0.0,0.0,0.0,0.0,0.0,0.0,0.0,0.0,0.0,0.0,0.0,0.0,0.0,0.0,0.0,0.0,0.0,0.0,0.0,0.0,0.0,0.0,0.0,0.0,0.0,0.0,0.0,0.0,0.0,0.0,0.0,0.0,0.0
Day-ahead Price [GBP/MWh]_standardized d-2 h=4,0.0,0.0,0.0,0.0,0.0,0.0,0.0,0.0,0.0,0.0,0.0,0.0,0.0,0.0,0.0,0.0,0.0,0.0,0.0,0.0,0.0,0.0,0.0,0.0,0.0,0.0,0.0,0.0,0.0,0.0,0.0,0.0,0.0,0.0,0.0,0.0,0.0,0.0,0.0,0.0,0.0,0.0,0.0,0.0,0.0,0.0,0.0,0.0,0.0,0.0,0.0,0.0,0.0,0.0,0.0,0.0,0.0,0.0,0.0,0.0
Day-ahead Price [GBP/MWh]_standardized d-2 h=5,0.0,0.0,0.0,0.0,0.0,0.0,0.0,-0.0,-0.0,-0.0,0.0,0.0,0.0,0.0,0.0,0.0,0.0,0.0,0.0,0.0,0.0,0.0,0.0,-0.0,-0.0,-0.0,-0.0,-0.0,-0.0,-0.0,-0.0,-0.0,-0.0,-0.0,-0.0,-0.0,-0.0,0.0,-0.0,-0.0,-0.0,-0.0,-0.0,0.0,0.0,-0.0,-0.0,-0.0,-0.0,-0.0,-0.0,-0.0,-0.0,-0.0,-0.0,0.0,0.0,0.0,0.0,0.0
Day-ahead Price [GBP/MWh]_standardized d-2 h=6,0.0,0.0,0.0,0.0,0.0,0.0,0.0,-0.0,-0.0,-0.0,-0.0,-0.0,-0.0,-0.0,-0.0,-0.0,-0.0,-0.0,-0.0,-0.0,-0.0,-0.0,-0.0,-0.0,-0.0,-0.0,-0.0,-0.0,-0.0,-0.0,-0.0,-0.0,-0.0,-0.0,-0.0,-0.0,-0.0,-0.0,-0.0,-0.0,-0.0,-0.0,-0.0,-0.0,-0.0,-0.0,-0.0,-0.0,-0.0,-0.0,-0.0,-0.0,-0.0,-0.0,-0.0,-0.0,-0.0,-0.0,-0.0,-0.0
Day-ahead Price [GBP/MWh]_standardized d-2 h=7,0.0,0.0,0.0,0.0,0.0,0.0,0.0,-0.0,-0.0,-0.0,-0.0,-0.0,-0.0,-0.0,-0.0,-0.0,-0.0,-0.0,-0.0,-0.0,-0.0,-0.0,-0.0,-0.0005740509476170812,-0.0,-0.0,-0.0,-0.0,-0.0,-0.0,-0.0,-0.0,-0.0,-0.0,-0.0,-0.0,-0.0,-0.0,-0.0,-0.0,-0.0,-0.0,-0.0,-0.0,-0.0,-0.0,-0.0,-0.0,-0.0,-0.0,-0.0,-0.0,-0.0,-0.0,-0.0,-0.0,-0.0,-0.0,-0.0,-0.0
Day-ahead Price [GBP/MWh]_standardized d-2 h=8,0.0,0.0,0.0,0.0,0.0,0.0,0.0,-0.0,-0.0,-0.0,-0.0,-0.0,-0.0,-0.0,-0.0,-0.0,-0.0,-0.0,-0.0,-0.0,-0.0,-0.0,-0.0,-0.0,-0.0,-0.0,-0.0,-0.0,-0.0,-0.0,-0.0,-0.0,-0.0,-0.0,-0.0,-0.0,-0.0,-0.0,-0.0,-0.0,-0.0,-0.0,-0.0,-0.0,-0.0,-0.0,-0.0,-0.0,-0.0,-0.0,-0.0,-0.0,-0.0,-0.0,-0.0,-0.0,-0.0,-0.0,-0.0,-0.0
Day-ahead Price [GBP/MWh]_standardized d-2 h=9,0.0,0.0,0.0,0.0,0.0,0.0,0.0,-0.0,-0.0,-0.0,0.0,-0.0,0.0,-0.0,-0.0,-0.0,-0.0,-0.0,-0.0,-0.0,0.0,0.0,0.0,-0.0,0.0,0.0,-0.0,0.0,-0.0,0.0,0.0,-0.0,-0.0,0.0,0.0,0.0,0.0,0.0,0.0,0.0,-0.0,-0.0,-0.0,-0.0,-0.0,-0.0,-0.0,-0.0,-0.0,-0.0,0.0,0.0,0.0,0.0,0.0,0.0,0.0,0.0,0.0,0.0
Day-ahead Price [GBP/MWh]_standardized d-2 h=10,0.0,0.0,0.0,0.0,0.029450293231067393,0.014272199017950649,0.0,-0.0,-0.0,-0.0,0.0,0.0,0.0,-0.0,-0.0,-0.0,-0.0,-0.0,-0.0,-0.0,0.0,0.0,0.0,0.0,0.0,0.0,0.0,0.0,0.0,0.0,0.0,0.0,0.0,0.0,0.0,0.0,0.0,0.0,0.0,0.0,0.0,0.0,0.0,-0.0,-0.0,0.0,0.0,0.0,0.0,0.0,0.0,0.0,0.0,0.0,0.0,0.0,0.0,0.0,0.0,0.0
Day-ahead Price [GBP/MWh]_standardized d-2 h=11,0.0,0.0,0.0,0.0,0.0,0.0,0.0,-0.0,-0.0,-0.0,0.0,-0.0,-0.0,-0.0,-0.0,-0.0,-0.0,-0.0,-0.0,-0.0,0.0,0.0,0.0,0.0,0.0,0.0,0.0,0.0,-0.0,-0.0,-0.0,0.0,0.0,0.0,0.0,0.0,0.0,0.0,0.0,0.0,-0.0,-0.0,0.0,-0.0,-0.0,0.0,0.0,0.0,0.0,0.0,0.0,0.0,0.0,0.0,0.0,0.0,0.0,0.0,0.0,0.0
Day-ahead Price [GBP/MWh]_standardized d-2 h=12,0.0,0.0,0.0,0.0,0.0,0.0,0.0,-0.0,-0.0,-0.0,-0.0,-0.0,-0.0,-0.0,-0.0,-0.0,-0.0,-0.0,-0.0,-0.0,-0.0,-0.0,0.0,-0.0,-0.0,-0.0,-0.0,0.0,-0.0,-0.0,-0.0,-0.0,-0.0,-0.0,-0.0,0.0,-0.0,0.0,-0.0,-0.0,-0.0,-0.0,0.0,-0.0,-0.0,0.0,0.0,0.0,0.0,0.0,0.0,0.0,0.0,0.0,0.0,0.0,0.0,0.0,0.0,0.0
Day-ahead Price [GBP/MWh]_standardized d-2 h=13,0.0,0.0,0.0,0.0,0.0,0.0,0.0,-0.0,-0.0,-0.0,-0.0,-0.0,-0.0,-0.0,-0.0,-0.0,-0.0,-0.0,-0.0,-0.0,-0.0,-0.0,0.0,0.0,0.0,0.0,0.0,0.0,-0.0,-0.0,-0.0,-0.0,-0.0,-0.0,-0.0,0.0,-0.0,0.0,-0.0,-0.0,-0.0,-0.0,0.0,0.0,-0.0,0.0,0.0,0.0,0.0,0.0,0.0,0.0,0.0,0.0,0.0,0.0,0.0,0.0,0.0,0.0
Day-ahead Price [GBP/MWh]_standardized d-2 h=14,0.0,0.0,0.0,0.0,0.0,0.0,0.0,-0.0,-0.0,-0.0,0.0,-0.0,-0.0,-0.0,-0.0,-0.0,-0.0,-0.0,-0.0,-0.0,0.0,0.0,0.0,0.0,0.0,0.0,0.0,0.0,-0.0,-0.0,-0.0,0.0,-0.0,-0.0,0.0,0.0,0.0,0.0,0.0,0.0,0.0,-0.0,0.0,0.0,0.0,0.0,0.0,0.0,0.0,0.0,0.0,0.0,0.0,0.0,0.0,0.0,0.0,0.0,0.0,0.0
Day-ahead Price [GBP/MWh]_standardized d-2 h=15,0.0,0.0,0.0,0.0,0.0,0.0,0.0,-0.0,0.0,0.0,0.0,-0.0,0.0,-0.0,-0.0,-0.0,-0.0,-0.0,-0.0,-0.0,0.0,0.0,0.0,0.0,0.0,0.0,0.0,0.0,-0.0,-0.0,-0.0,0.0,-0.0,-0.0,0.0,0.0,0.0,0.0,0.0,0.0,0.0,0.0,0.0,0.0,0.0,0.0,0.0,0.0,0.0,0.0,0.0,0.0,0.0,0.0,0.0,0.0,0.0,0.0,0.0,0.0
Day-ahead Price [GBP/MWh]_standardized d-2 h=16,0.009369034190637223,0.0063076972728614185,0.009268730693834522,0.004558611110812758,0.0051500033455567475,0.0,0.0,0.0,0.038411803804347965,0.0,0.0,0.0,0.0,0.0,0.0,0.0,0.0,0.0,0.0,0.0,0.0,0.0,0.0,0.0,0.0,0.0,0.0,0.0,0.0,0.0,0.0,0.0,0.0,0.0,0.0,0.0,0.0,0.0,0.0,0.0,0.0,0.0,0.0042918916383821,0.0018739659271235867,0.0,0.0,0.0004649685411174887,0.0008128044702234257,0.0,0.0,0.0,0.0,0.0,0.0,0.0,0.0,0.0,0.0,0.0,0.0
Day-ahead Price [GBP/MWh]_standardized d-2 h=17,0.0,0.0,0.0,0.0,0.0,0.0,0.0,0.0,0.0,0.026219529416013476,0.025235619843639534,0.025087892491274126,0.02685677593167233,0.019055044915909054,0.018986897677358436,0.019670500547230144,0.02093831631211008,0.021513364333835067,0.024221467376265644,0.022989264794629177,0.021111303359051918,0.02183419340361125,0.026397974263819752,0.02196037254690462,0.025987787950357985,0.025375529419758402,0.022494748599448028,0.02137879935957235,0.01671211962398552,0.018965960492372803,0.01654773572468942,0.017486463171371227,0.018429773495984653,0.015973623210150858,0.015274417159467327,0.016596054711855806,0.013455859750322206,0.01362764305175808,0.011342008972628215,0.011391091377076121,0.010463006446468215,0.011349037168839594,0.0,0.0,0.0,0.0,0.0,0.0,0.0,0.003904192031927683,0.011846105856928907,0.0027024230895080392,0.001223692002601929,0.00046606433994397263,0.0007396187147567144,0.0,0.0,0.012031474626899604,0.014135826667458332,0.013319717107452797
Day-ahead Price [GBP/MWh]_standardized d-2 h=18,0.0,0.0,0.0,0.0,0.0,0.0,0.0,-0.0,0.0,0.0,0.0,0.0,0.0,0.0,0.0,0.0,0.0,0.0,0.0,0.0,0.0,0.0,0.0,0.0,0.0,0.0,0.0,0.0,0.0,0.0,0.0,0.0,0.0,0.0,0.0,0.0,0.0,0.0,0.0,0.0,0.0,0.0,0.0,0.0,-0.0,0.0,0.0,0.0,0.0,0.0,0.0,0.0,0.0,0.0,0.0,0.0,0.0,0.0,0.0,0.0
Day-ahead Price [GBP/MWh]_standardized d-2 h=19,0.0,0.0,0.0,0.0,0.0,0.0,0.0,-0.0,-0.0,0.0,0.0,0.0,-0.0,-0.0,0.0,0.0,0.0,-0.0,0.0,0.0,0.0,0.0,0.0,0.0,0.0,0.0,0.0,0.0,0.0,0.0,0.0,0.0,0.0,0.0,0.0,0.0,-0.0,0.0,-0.0,-0.0,-0.0,-0.0,0.0,0.0,0.0,0.0,0.0,0.0,0.0,0.0,0.0,0.0,0.0,0.0,0.0,0.0,0.0,0.0,0.0,0.0
Day-ahead Price [GBP/MWh]_standardized d-2 h=20,0.0,0.0,0.0,0.0,0.0,0.0,0.0,-0.0,0.0,0.0,0.0,0.0,0.0,0.0,0.0,0.0,0.0,0.0,0.0,0.0,0.0,0.0,0.0,0.0,0.0,0.0,0.0,0.0,0.0,0.0,0.0,0.0,0.0,0.0,0.0,0.0,-0.0,0.0,-0.0,-0.0,-0.0,-0.0,0.0,0.0,0.0,0.0,0.0,0.0,0.0,0.0,0.0,0.0,0.0,0.0,0.0,0.0,0.0,0.0,0.0,0.0
Day-ahead Price [GBP/MWh]_standardized d-2 h=21,0.0,0.0,0.0,0.0,0.0,0.0,0.0,0.0,0.0,0.0,0.0,0.0,0.0,0.0,0.0,0.0,0.0,0.0,0.0,0.0,0.0,0.0,0.0,0.0,0.0,0.0,0.0,0.0,0.0,0.0,0.0,0.0,0.0,0.0,0.0,0.0,0.0,0.0,0.0,0.0,0.0,0.0,0.0,0.0,0.0,0.0,0.0,0.0,0.0,0.0,0.0,0.0,0.0,0.0,0.0,0.0,0.0,0.0,0.0,0.0
Day-ahead Price [GBP/MWh]_standardized d-2 h=22,0.0,0.0,0.0,0.0,0.0,0.0,0.0,0.0,0.0,0.0,0.0,0.0,0.0,0.0,0.0,0.0,0.0,0.0,0.0,0.0,0.0,0.0,0.0,0.0,0.0,0.0,0.0,0.0,0.0,0.0,0.0,0.0,0.0,0.0,0.0,0.0,0.0,0.0,0.0,0.0,0.0,0.0,0.0,0.0,0.0,0.0,0.0,0.0,0.0,0.0,0.0,0.0,0.0,0.0,0.0,0.0,0.0,0.0,0.0,0.0
Day-ahead Price [GBP/MWh]_standardized d-2 h=23,0.0,0.0,0.0,0.0,0.0,0.0,0.0,0.0,0.0,0.0,0.03606090681022401,0.0,0.05991569668480189,0.051771818283668614,0.057924985076658345,0.03580551803825998,0.04871071981446125,0.02317194542598514,0.007113114850420466,0.019503930113960205,0.016034567182357285,0.004888107201754495,0.04355603542138838,0.05357838774856838,0.00026306134797193385,0.00944449544629311,0.0,0.0,0.11240550171590641,0.09001986994204475,0.12470792400254851,0.1394954684808692,0.12300984675747274,0.09264876145778805,0.10899923001259179,0.11315947746680156,0.11331653825686334,0.12670700083128117,0.13706330253003052,0.13561828333028395,0.12152797699824149,0.11235721367603357,0.21334497086171855,0.06484895692796987,0.0020034338596940154,0.0,0.0,0.0,0.0,0.0,0.0,0.0,0.0,0.0,0.0,0.0,0.0,0.04923950188435483,0.08496175829642257,0.0805088034292089
Day-ahead Price [GBP/MWh]_standardized d-2 h=24,0.0,0.0,0.0,0.0,0.0,0.0,0.0,0.0,0.0,0.0,0.0,0.0,0.0,0.0,0.0,0.0,0.0,0.0,0.0,0.0,0.0,0.0,0.0,0.0,0.0,0.0,0.0,0.0,0.0,0.0,0.0,0.0,0.0,0.0,0.0,0.0,0.0,0.0,0.0,0.0,0.0,0.0,0.0,0.0,0.0,0.0,0.0,0.0,0.0,0.0,0.0,0.0,0.0,0.0,0.0,0.0,0.0,0.0,0.0,0.0
Day-ahead Price [GBP/MWh]_standardized d-3 h=1,0.0,0.0,0.0,0.0,0.0,0.0,0.0,0.0,0.0,0.0,0.0,0.0,0.0,0.0,0.0,0.0,0.0,0.03731818825066187,0.12684714209675635,0.12221267663326908,0.14787793868186375,0.14592763498680672,0.134703295533738,0.11059974198058013,0.13062472152913165,0.1296649141531161,0.09107821738583152,0.08099974807068291,0.1285260516955301,0.1375057829924722,0.12827514097311551,0.11569870631378178,0.12495071906500944,0.09263494059631652,0.10052804972902674,0.05151326741146036,0.062131299866261244,0.06190531204432176,0.07053311390590865,0.07105350756829498,0.0714902798691429,0.07577163605846801,0.08162557831917948,0.06741271395976331,0.04470207616095963,0.0,0.0,0.0,0.0,0.0,0.0,0.0,0.0,0.0,0.0,0.018456557821747346,0.02152012396416751,0.025779789481847667,0.04418734178648159,0.04082843244220687
Day-ahead Price [GBP/MWh]_standardized d-3 h=2,0.0,0.0,0.0,0.0,0.0,0.0,0.0,0.0,0.0,0.0,0.0,0.0,0.0,0.0,0.0,0.0,0.0,0.0,0.0,0.0,0.0,0.0,0.0,0.0,0.0,0.0,0.0,0.0,0.0,0.0,0.0,0.0,0.0,0.0,0.0,0.0,0.0,0.0,0.0,0.0,0.0,0.0,0.0,0.0,0.0,0.02738908839369608,0.0,0.0,0.0,0.0,0.0,0.0,0.0,0.0,0.0,0.0,0.0,0.0,0.0,0.0
Day-ahead Price [GBP/MWh]_standardized d-3 h=3,0.0,0.0,0.0,0.0,0.0,0.0,0.0,0.0,0.0,0.0,0.0,0.0,0.0,0.0,0.0,0.0,0.0,0.0,0.0,0.0,0.0,0.0,0.0,0.0,0.0015563656431511308,0.001993649419039404,0.0,0.0,0.0,0.0,0.0,0.0,0.0,0.0,0.0,0.0,0.0,0.0,0.0,0.0,0.0,0.0,0.0,0.0,0.01850432048089844,0.0,0.0,0.0,0.0,0.0,0.0,0.0,0.0,0.0,0.0,0.0,0.0,0.0,0.0,0.0
Day-ahead Price [GBP/MWh]_standardized d-3 h=4,0.0,0.0,0.0,0.0,0.0,0.0,0.0,-0.0,-0.0,-0.0,0.0,0.0,0.0,0.0,0.0,0.0,0.0,0.0,0.0,0.0,0.0,0.0,0.0,0.0,0.0,0.0,0.0,0.0,0.0,0.0,0.0,0.0,0.0,0.0,0.0,0.0,0.0,0.0,0.0,0.0,0.0,0.0,0.0,0.0,0.0,0.0,0.0,0.0,0.0,0.0,0.0,0.0,0.0,0.0,0.0,0.0,0.0,0.0,0.0,0.0
Day-ahead Price [GBP/MWh]_standardized d-3 h=5,0.0,0.0,0.0,0.0,0.0,0.0,0.0,-0.0,-0.0,-0.0,0.0,0.0,0.0,0.0,0.0,0.0,0.0,0.0,0.0,0.0,0.0,0.0,0.0,0.0,0.0,0.0,0.0,0.0,0.0,0.0,0.0,0.0,0.0,0.0,0.0,0.0,0.0,0.0,0.0,0.0,0.0,0.0,0.0,0.0,0.0,0.0,0.0,0.0,0.0,0.0,0.0,0.0,0.0,0.0,0.0,0.0,0.0,0.0,0.0,0.0
Day-ahead Price [GBP/MWh]_standardized d-3 h=6,0.008409481687409962,0.02633344676220679,0.027192525869137944,0.0,0.0,0.0,0.0,0.0,0.0,0.0,0.0,0.0,0.0,0.0,0.0,0.0,0.0,0.0,0.0,0.0,0.0,0.0,0.0,0.0,0.0,0.0,0.0,0.0,0.0,0.0,0.0,0.0,0.0,0.0,0.0,0.0,0.0,0.0,0.0,0.0,0.0,0.0,0.0,0.0,0.0,0.0,0.0,0.0,0.0,0.0,0.0,0.0,0.0,0.0,0.0,0.0,0.0,0.0,0.0,0.0
Day-ahead Price [GBP/MWh]_standardized d-3 h=7,0.02382342803185368,0.0,0.0,0.0,0.0,0.0,0.0,0.0,0.0,0.0,0.0,0.0,0.0,0.0,0.0,0.0,0.0,0.0,0.0,0.0,0.0,0.0,0.0,0.0,0.0,0.0,0.0,0.0,0.0,0.0,0.0,0.0,0.0,0.0,0.0,0.0,0.0,0.0,0.0,0.0,0.0,0.0,0.0,0.0,0.0,0.0,0.0,0.0,0.0,0.0,0.0,0.0,0.0,0.0,0.0,0.0,0.0,0.0,0.0,0.0
Day-ahead Price [GBP/MWh]_standardized d-3 h=8,0.0,0.0,0.0,0.03945336365275444,0.02714059313312323,0.016144723283415045,0.0,0.2246874897303433,0.17592257225002003,0.16925829471065648,0.07976874929878743,0.08750532846194212,0.06562696147372263,0.05266237797665722,0.04997805163020488,0.0522850200279611,0.049431257979502374,0.055177485055852495,0.044813544133503525,0.0449260406016016,0.050592162493820834,0.05091446176860986,0.048286274367669885,0.008241013851789042,0.018455201548721812,0.021448082182892236,0.0,0.0,0.051014981200955246,0.055490586190348155,0.04787437727796056,0.044761803990832585,0.0335133239001579,0.02678608118790335,0.0,0.06406885951720304,0.07791563912211434,0.06568579028002244,0.05045415496650263,0.051745312386518645,0.051287376078890924,0.052324342160594256,0.049948145783463516,0.0,0.0,0.003728628109739612,0.0,0.0,0.0,0.005340297743223281,0.0,0.0,0.0,0.0,0.0,0.0,0.0,0.0,0.0,0.0
Day-ahead Price [GBP/MWh]_standardized d-3 h=9,0.0,0.0,0.0,0.0,0.0,0.0,0.0,0.0,0.0,0.0,0.0,0.0,0.0,0.0,0.0,0.0,0.0,0.0,0.0,0.0,0.0,0.0,0.01148266940039132,0.007333125620572706,0.05312032985650544,0.04103174396365529,0.06565045262937806,0.065003758882517,0.0,0.0,0.0,0.0016722294283815465,0.031756386740404034,0.03253256689228476,0.0708286674044968,0.0,0.0,0.0,0.0,0.0,0.0,0.0,0.0,0.0,0.0,0.0,0.0,0.0,0.0,0.0,0.0,0.0,0.0,0.0,0.0,0.028517390193779704,0.014989802079082426,0.0,0.0,0.0
Day-ahead Price [GBP/MWh]_standardized d-3 h=10,0.0,0.0,0.0,0.0,0.0,0.0,0.0,0.0,0.0,0.0,0.0,0.0,0.0,0.0,0.0,0.0,0.0,0.0,0.0,0.0,0.0,0.0,0.0,0.0,0.0,0.0,0.0,0.0,0.0,0.0,0.0,0.0,0.0,0.0,0.0,0.0,0.0,0.0,0.0,0.0,0.0,0.0,0.0,0.0,0.0,0.0,0.0,0.0,0.0,0.0,0.0,0.0,0.0,0.0,0.0,0.0,0.0,0.0,0.0,0.0
Day-ahead Price [GBP/MWh]_standardized d-3 h=11,0.0,0.0,0.0,0.0,0.0,0.0,0.0,0.0,0.0,0.0,0.0,0.0,0.0,0.0,0.0,0.0,0.0,0.0,0.0,0.0,0.0,0.0,0.0,0.06542419609259958,0.005026400991161259,0.013050441046928369,0.051040224861964266,0.05158490158563575,0.0,0.0,0.0,0.0,0.0,0.0,0.0,0.0,0.0,0.0,0.0,0.0,0.0,0.0,0.0,0.0,0.0,0.0,0.0,0.0,0.0,0.09373856559515624,0.08742647827105059,0.1298569332678514,0.12357333241469978,0.12316876062445807,0.09911476807248153,0.12566076095199163,0.1340512752163899,0.27082668575104324,0.26275568968920743,0.24315357422522366
Day-ahead Price [GBP/MWh]_standardized d-3 h=12,0.0,0.0,0.0,0.0,0.0,0.0,0.0,0.0,0.0,0.0,0.0,0.0,0.0,0.0,0.0,0.0,0.0,0.0,0.0,0.0,0.0,0.0,0.0,0.0,0.0,0.0,0.0,0.0,0.0,0.0,0.0,0.0,0.0,0.0,0.0,0.0,0.0,0.0,0.0,0.0,0.0,0.0,0.0,0.0,0.0,0.0,0.0,0.0,0.0,0.0,0.0333820287461009,0.0,0.0017565217728841911,0.0,0.03562102456090345,0.0,0.0,0.0,0.0,0.0
Day-ahead Price [GBP/MWh]_standardized d-3 h=13,0.0,0.0,0.0,0.0,0.0,0.0,0.0,0.0,0.0,0.0,0.0,0.0,0.0,0.0,0.0,0.0,0.0,0.0,0.0,0.0,0.0,0.0,0.0,0.0,0.0,0.0,0.0,0.0,0.0,0.0,0.0,0.0,0.0,0.0,0.0,0.0,0.0,0.0,0.0,0.0,0.0,0.0,0.0009813768765962619,0.08269683087921355,0.061238210363470026,0.07634230586208776,0.10584898140961575,0.10743648593313493,0.08751874720694332,0.0,0.0,0.0,0.0,0.0,0.0,0.0,0.0,0.0,0.0,0.0
Day-ahead Price [GBP/MWh]_standardized d-3 h=14,0.0,0.0,0.0,0.0,0.0,0.0,0.0,0.0,0.0,0.0,0.0,0.0,0.0,0.0,0.0,0.0,0.0,0.0,0.0,0.0,0.0,0.0,0.0,0.0,0.0,0.0,0.0,0.0,0.0,0.0,0.0,0.0,0.0,0.0,0.0,0.0,0.0,0.0,0.0,0.0,0.0,0.0,0.0,0.0,0.0,0.0,0.0,0.0,0.0,0.0,0.0,0.0,0.0,0.0,0.0,0.0,0.0,0.0,0.0,0.0
Day-ahead Price [GBP/MWh]_standardized d-3 h=15,0.0,0.0,0.0,0.0,0.0,0.0,0.0,0.0,0.0,0.0,-0.0,-0.0,-0.0,-0.0,-0.0,-0.0,-0.0,-0.0,-0.0,-0.0,-0.0,-0.0,-0.0,-0.0,0.0,0.0,-0.0,-0.0,-0.0,-0.0,-0.0,0.0,0.0,-0.0,-0.0,-0.0,-0.0,-0.0,-0.0,-0.0,-0.0,-0.0,0.0,0.0,0.0,0.0,0.0,0.0,0.0,0.0,-0.0,-0.0,-0.0,0.0,-0.0,-0.0,-0.0,-0.0,-0.0,-0.0
Day-ahead Price [GBP/MWh]_standardized d-3 h=16,0.0,0.0,0.0,0.020911979108254337,0.03999108476860909,0.06139042874234685,0.05333573971329599,0.0,0.0008469544633334013,0.0,-0.00809170766553884,-0.008866871112297904,-0.0,-0.0,-0.0,-0.00010844005170712495,-0.0006386425454704175,-0.0,-0.0,-0.0,-0.0,-0.0,-0.0,-0.0,-0.0,-0.0,-0.004406435677998189,-0.005187604497630766,-0.0006031700808996179,-0.0007872802328088345,-0.0,-0.0,-0.0,-0.0,-0.0,-0.004343542693153033,-0.006266087547696568,-0.006262640436382567,-0.0008583781909405934,-0.0011670698447851984,-0.0,-0.0,0.0,-0.0,-0.0,-0.0,-0.0,-0.0,-0.0,-0.0,-0.0,-0.0025092941896977423,-6.903969070292142e-06,-0.0,-0.0,-0.0,-0.0003265170177394634,-0.01730194862922212,-0.015418534920175102,-0.011993524258259189
Day-ahead Price [GBP/MWh]_standardized d-3 h=17,0.048850979077029066,0.04882311073494483,0.04047982522445197,0.01989077634751469,0.0,0.0,0.0,0.008177633669130168,0.004672785905907197,0.01705906646045733,-0.0,-0.0,-0.0,-0.0,-0.0,-0.0,-0.0,-0.0,0.0,0.0,-0.0,-0.0,-0.0,-0.0,-0.0,-0.0,-0.0,-0.0,-0.0,-0.0,-0.0,-0.0,-0.0,-0.0,-0.0,-0.0,-0.0,-0.0,-0.0,-0.0,-0.0,-0.0,0.0,0.0,0.0,-0.0,-0.0,-0.0,-0.0,-0.0,-0.0,-0.0,-0.0,-0.0,-0.0,-0.0,-0.0,-0.0,-0.0,-0.0
Day-ahead Price [GBP/MWh]_standardized d-3 h=18,0.0,0.0,0.0,0.0,0.0,0.0,0.0,0.0,0.0,0.0,0.0,0.0,0.0,0.0,0.0,0.0,0.0,0.0,0.0,0.0,0.0,0.0,0.0,0.0,0.0,0.0,0.0,0.0,0.0,0.0,0.0,0.0,0.0,0.0,0.0,0.0,0.0,0.0,0.0,0.0,0.0,0.0,0.0,0.0,0.0,0.0,0.0,0.0,0.0,0.0,0.0,0.0,0.0,0.0,0.0,0.0,0.0,0.0,0.0,0.0
Day-ahead Price [GBP/MWh]_standardized d-3 h=19,0.0,0.0,0.0,0.0,0.0,0.0,0.0,0.0,0.0,0.0,0.0,0.0,0.0,0.0,0.0,0.0,0.0,0.0,0.0,0.0,0.0,0.0,0.0,0.0,0.0,0.0,0.0,0.0,0.0,0.0,0.0,0.0,0.0,0.0,0.0,0.0,0.0,0.0,0.0,0.0,0.0,0.0,0.0,0.0,0.0,0.0,0.0,0.0,0.0,0.0,0.0,0.0,0.0,0.0,0.0,0.0,0.0,0.0,0.0,0.0
Day-ahead Price [GBP/MWh]_standardized d-3 h=20,0.0,0.0,0.0,0.0,0.0,0.0,0.0,0.0,0.0,0.0,0.0,0.0,0.005415281845228888,0.0,0.0,0.0,0.0,0.0,0.0,0.0,0.0,0.0,0.0,0.0,0.0,0.0,0.0,0.0,0.050122606783113345,0.03766390215416864,0.04777440154533982,0.051455677396846304,0.01839405239898108,0.04909994478614846,0.0396469780422211,0.033770749541501464,0.0,0.032273136997273494,0.040906994104454,0.04017196569296385,0.03952413511467395,0.02232248430183684,0.0,0.0,0.014194539537743125,0.0,0.0,0.0,0.0,0.022421925433851877,0.013597267346970181,0.030603616685509597,0.019895354464763232,0.014987497272660709,0.0006130328612726184,0.0,0.0,0.0,0.0,0.0
Day-ahead Price [GBP/MWh]_standardized d-3 h=21,0.0,0.0,0.0,0.0,0.0,0.0,0.0,0.0,0.0,0.0,0.0,0.0,0.0,0.0,0.0,0.0,0.0,0.0,0.0,0.0,0.0,0.0,0.0,0.0,0.0,0.0,0.0,0.0,0.0,0.0,0.0,0.0,0.0,0.0,0.0,0.0,0.0,0.0,0.0,0.0,0.0,0.0,0.0,0.0,0.0,0.0,0.0,0.0,0.0,0.0,0.0,0.0,0.0,0.0,0.0,0.0,0.0,0.0,0.0,0.0
Day-ahead Price [GBP/MWh]_standardized d-3 h=22,0.0,0.0,0.0,0.0,0.0,0.0,0.0,0.0,0.0,0.0,0.0,0.0,0.0,0.0,0.0,0.0,0.0,0.0,0.0,0.0,0.0,0.0,0.0,0.0,0.0,0.0,0.0,0.0,0.0,0.0,0.0,0.0,0.0,0.0,0.0,0.0,0.0,0.0,0.0,0.0,0.0,0.0,0.0,0.0,0.0,0.0,0.0,0.0,0.0,0.0,0.0,0.0,0.0,0.0,0.0,0.0,0.0,0.0,0.0,0.0
Day-ahead Price [GBP/MWh]_standardized d-3 h=23,0.044456893040792644,0.04563295184458022,0.04667508614809908,0.01435495409970207,0.0,0.0,0.0,0.0,0.0,0.0,0.0,0.0,0.0,0.0,0.0,0.0,0.0,0.03217607872629854,0.0,0.0,0.0,0.002367205285726106,0.0,0.0,0.0,0.0,0.0,0.0,0.0,0.0,0.0,0.0,0.0,0.0,0.0,0.0,0.013261084836295654,0.0,0.0,0.0,0.0,0.009251550588116386,0.0,0.0,0.0,0.0,0.0,0.0,0.0,0.0,0.0,0.0,0.0,0.0,0.0,0.0,0.0,0.0,0.0,0.0
Day-ahead Price [GBP/MWh]_standardized d-3 h=24,0.0,0.0,0.0,0.0,0.0,0.0,0.0,0.0,0.0,0.0,0.0,0.0,0.0,0.0,0.0,0.0,0.0,0.0,0.0,0.0,0.0,0.0,0.0,0.0,0.0,0.0,0.0,0.0,0.0,0.0,0.0,0.0,0.0,0.0,0.0,0.0,0.0,0.0,0.0,0.0,0.0,0.0,0.0,0.0,0.0,0.0,0.0,0.0,0.0,0.0,0.0,0.0,0.0,0.0,0.0,0.001295568311549006,0.0,0.007885123499626072,0.0,0.0
Day-ahead Price [GBP/MWh]_standardized d-7 h=1,0.0,0.0,0.0,0.0,0.0,0.0,0.0,-0.0,-0.0,-0.0,0.0,0.0,0.0,0.0,0.0,0.0,0.0,-0.0,-0.0,-0.0,0.0,0.0,0.0,0.0,0.0,0.0,0.0,0.0,-0.0,-0.0,-0.0,-0.0,-0.0,-0.0,-0.0,-0.0,-0.0,-0.0,-0.0,-0.0,-0.0,-0.0,-0.0,-0.0,-0.0,-0.0,-0.0,-0.0,-0.0,-0.0,-0.0,-0.0,-0.0,-0.0,-0.0,-0.0,-0.0,-0.0,-0.0,-0.0
Day-ahead Price [GBP/MWh]_standardized d-7 h=2,0.0,-0.0,0.0,0.0,0.0,0.0,-0.0,0.0,-0.0,-0.0,0.0,0.0,0.0,0.0,0.0,0.0,0.0,0.0,-0.0,-0.0,0.0,0.0,0.0,0.0,0.0,0.0,0.0,0.0,0.0,0.0,-0.0,0.0,-0.0,-0.0,-0.0,-0.0,-0.0,-0.0,-0.0,-0.0,-0.0,-0.0,-0.0,-0.0,-0.0,-0.0,-0.0,-0.0,-0.0,-0.0,-0.0,-0.0,-0.0,-0.0,-0.0,-0.0,-0.0,-0.0,-0.0,0.0
Day-ahead Price [GBP/MWh]_standardized d-7 h=3,-0.0,-0.0,-0.0,-0.0,0.0,0.0,-0.0,-0.0,-0.0,-0.0,0.0,0.0,0.0,0.0,0.0,0.0,0.0,0.0,-0.0,-0.0,0.0,0.0,0.0,0.0,0.0,0.0,0.0,0.0,0.0,0.0,-0.0,0.0,-0.0,-0.0,-0.0,-0.0,-0.0,-0.0,-0.0,-0.0,-0.0,-0.0,-0.0,-0.0,-0.0,-0.0,-0.0,-0.0,-0.0,-0.0,-0.0,-0.0,-0.0,-0.0,-0.0,-0.0,-0.0,-0.0,-0.0,0.0
Day-ahead Price [GBP/MWh]_standardized d-7 h=4,-0.0,-0.0,-0.0,-0.0,-0.0,-0.0,-0.0,-0.0,-0.0,-0.0,-0.0,-0.0,-0.0,-0.0,0.0,0.0,0.0,0.0,-0.0,-0.0,0.0,0.0,0.0,0.0,0.0,0.0,0.0,0.0,-0.0,-0.0,-0.0,0.0,-0.0,-0.0,-0.0,-0.0,-0.0,-0.0,0.0,0.0,0.0,0.0,-0.0,-0.0,-0.0,-0.0,-0.0,-0.0,-0.0,-0.0,-0.0,-0.0,-0.0,-0.0,-0.0,-0.0,-0.0,-0.0,-0.0,-0.0
Day-ahead Price [GBP/MWh]_standardized d-7 h=5,-0.0,-0.0,-0.0,0.0,-0.0,-0.0,-0.0,-0.0,-0.0,-0.0,-0.0,-0.0,0.0,-0.0,0.0,0.0,0.0,0.0,-0.0,-0.0,0.0,0.0,0.0,0.0,0.0,0.0,-0.0,-0.0,-0.0,-0.0,-0.0,-0.0,-0.0,-0.0,-0.0,0.0,0.0,0.0,0.0,0.0,0.0,0.0,-0.0,-0.0,-0.0,-0.0,-0.0,-0.0,-0.0,-0.0,-0.0,-0.0,-0.0,-0.0,-0.0,-0.0,-0.0,-0.0,-0.0,-0.0
Day-ahead Price [GBP/MWh]_standardized d-7 h=6,0.0,0.0,0.0,0.0,0.0,0.0,0.0,-0.0,-0.0,-0.0,-0.0,0.0,0.0,0.0,0.0,0.0,0.0,0.0,-0.0,-0.0,0.0,0.0,0.0,0.0,-0.0,-0.0,-0.0,-0.0,-0.0,-0.0,-0.0,-0.0,-0.0,-0.0,-0.0,-0.0,0.0,0.0,0.0,0.0,0.0,0.0,-0.0,-0.0,-0.0,-0.0,-0.0,-0.0,-0.0,-0.0,-0.0,-0.0,-0.0,-0.0,-0.0,-0.0,-0.0,-0.0,-0.0,-0.0
Day-ahead Price [GBP/MWh]_standardized d-7 h=7,0.0,0.0,0.0,0.0,0.0,0.0,0.0,0.0,0.0,0.0,0.0,0.0,0.0,0.0,0.0,0.0,0.0,0.0,0.0,0.0,0.0,0.0,0.0,0.0,0.0,0.0,0.0,-0.0,-0.0,-0.0,-0.0,0.0,-0.0,-0.0,-0.0,0.0,0.0,0.0,0.0,0.0,0.0,0.0,0.0,-0.0,-0.0,-0.0,-0.0,-0.0,-0.0,-0.0,-0.0,-0.0,-0.0,-0.0,-0.0,-0.0,-0.0,-0.0,-0.0,-0.0
Day-ahead Price [GBP/MWh]_standardized d-7 h=8,0.0,0.0,0.0,0.0,0.0,0.0,0.0,0.0,0.0,0.0,0.0,0.0,0.0,0.0,0.0,0.0,0.0,0.0,0.0,0.0,0.0,0.0,0.0,0.0,0.0,0.0,0.0,0.0,0.0,0.0,0.0,0.0,0.0,0.0,0.0,0.0,0.0,0.0,0.0,0.0,0.0,0.0,0.0,0.0,0.0,0.0,-0.0,-0.0,-0.0,-0.0,-0.0,-0.0,-0.0,-0.0,-0.0,-0.0,-0.0,-0.0,-0.0,-0.0
Day-ahead Price [GBP/MWh]_standardized d-7 h=9,0.0,0.0,0.0,0.027735842827188523,0.016578275322292255,0.037988229983018186,0.036579077489561906,0.05088574606937379,0.0,0.0,0.0,0.0,0.007083318610164788,0.0011880970835676814,0.025158553620878037,0.045805370762628715,0.04788273928235486,0.010836244406103987,0.0,0.0,0.0,0.0,0.0,0.0,0.0,0.0,0.0,0.0,0.0,0.0,0.0,0.0,0.0,0.0,0.0,0.0,0.0,0.0,0.0,0.0,0.012275155979900114,0.020479768285245607,0.0,0.0,0.0,0.0,0.0,0.0,0.0,0.0,0.0,0.0,0.0,0.0,0.0,0.0,0.0,0.0,0.0,0.0
Day-ahead Price [GBP/MWh]_standardized d-7 h=10,0.0,0.0,0.0,0.0,0.0,0.0,0.0,0.0,0.0,0.0,0.0,0.0,0.0,0.0,0.0,0.0,0.0,0.0,0.0,0.0,0.0,0.0,0.0,0.0,0.0,0.0,0.0,0.0,0.0,0.0,0.0,0.0,0.0,0.0,0.0,0.0,0.0,0.0,0.009203672358282466,0.00990940888064782,0.0,0.0,0.00039514688085198784,0.0,0.0,0.0,0.0,0.0,0.0,0.0,0.0,0.0,0.0,0.0,0.0,0.0,0.0,0.0,0.0,0.0
Day-ahead Price [GBP/MWh]_standardized d-7 h=11,0.0,0.0,0.0,0.0,0.0,0.0,0.0,0.0,0.0,0.0,0.0,0.0,0.0,0.0,0.0,0.0,0.0,0.0,0.0,0.0,0.0,0.0,0.0,0.0,0.0,0.0,0.0,0.0,0.0,0.0,0.0,0.0,0.0,0.0,0.0,0.0,0.0,0.0,0.0,0.0,0.0,0.0,0.0,0.0,0.0,0.0,0.0,0.0,0.0,0.0,0.0,0.0,0.0,0.0,0.0,0.0,0.0,0.0,0.0,0.0
Day-ahead Price [GBP/MWh]_standardized d-7 h=12,0.0,0.0,0.0,0.0,0.0,0.0,0.0,0.0,0.0,0.0,0.0,0.0,0.0,0.0,0.0,0.0,0.0,0.0,0.0,0.0,0.0,0.0,0.0,0.0,0.0,0.0,0.0,0.0,0.0,0.0,0.0,0.0,0.0,0.0,0.0,0.0,0.0,0.0,0.0,0.0,0.0,0.0,0.0,0.0,0.0,0.011100227569718717,0.019813507466181667,0.022331789706178138,0.012156564557405995,0.05942399985423604,0.10119590442168233,0.12438767511845884,0.14049286435708463,0.13688327399237785,0.12066474059716788,0.0,0.0,0.0,0.0,0.0
Day-ahead Price [GBP/MWh]_standardized d-7 h=13,0.0,0.0,0.0,0.0,0.0,0.0,0.0,0.0,0.0,0.0,0.0,0.0,0.0,0.0,0.0,0.0,0.0,0.0,0.0,0.0,0.0,0.0,0.0,0.0,0.0,0.0,0.0,0.0,0.0,0.0,0.0,0.0,0.0,0.0,0.0,0.0,0.0,0.0,0.0,0.0,0.0,0.0,0.0,0.0,0.0,0.0,0.0,0.0,0.0,0.0,0.0,0.0,0.0,0.0,0.0,0.08193170760706069,0.05680050709105972,0.12814014903345058,0.13519941764958973,0.10877040114781827
Day-ahead Price [GBP/MWh]_standardized d-7 h=14,0.0,0.0,0.0,0.0,0.0,0.0,0.0,0.0,0.0,0.0,0.0,0.0,0.0,0.0,0.0,0.0,0.0,0.0,-0.0,-0.0,0.0,0.0,0.0,0.0,-0.0,-0.0,0.0,0.0,0.0,0.0,-0.0,0.0,0.0,0.0,0.0,0.0,0.0,0.0,0.0,0.0,0.0,0.0,0.0,0.0,0.0,0.0,0.0,0.0,0.0,0.0,0.0,0.0,0.0,0.0,0.0,0.0,0.0,0.0,0.0,0.0
Day-ahead Price [GBP/MWh]_standardized d-7 h=15,0.0,0.0,0.0,0.0,0.0,0.0,0.0,-0.0,-0.0,-0.0,-0.0,-0.0,-0.0,-0.0,-0.0,-0.0,-0.0,-0.0,-0.0,-0.0,-0.0,-0.0,-0.0,-0.0,-0.0,-0.0,-0.0,-0.0,-0.0,-0.0,-0.0,-0.0,-0.0,-0.0,-0.0,-0.0,-0.0,-0.0,-0.0,-0.0,-0.0,-0.0,-0.0,-0.0,-0.0,-0.0,-0.0,-0.0,-0.0,-0.0,-0.0,-0.0,-0.0,-0.0,-0.0,-0.0,-0.0,0.0,0.0,0.0
Day-ahead Price [GBP/MWh]_standardized d-7 h=16,0.0,0.003411430559099605,0.0018244709319807418,0.0,0.0,0.0,0.0,-0.0,-0.0,-0.0,-0.034476485913767146,-0.03007038827607494,-0.026933748313153937,-0.0041292064499317835,-0.022540609528518878,-0.02960468120598109,-0.03007529588431277,-0.021859986053299276,-0.0,-0.0015758865543344892,-0.021542469432993924,-0.021191510947938412,-0.022856917176354425,-0.02602176649554792,-0.023865245468565315,-0.02560934954500353,-0.027205780766170747,-0.026171236548266988,-0.04327127298706556,-0.04184279323739625,-0.04505817616712242,-0.04385562793444808,-0.03947434378807169,-0.03790468638458035,-0.04422787180313637,-0.0,-0.0,-0.0,-0.0,-0.0,-0.0,-0.0,-0.0579026158750384,-0.057157621398645324,-0.04615619981565995,-0.053963402846605536,-0.05656144775504155,-0.05668086996543375,-0.055504446674471325,-0.04423350650219677,-0.05672150994054903,-0.0620663382030238,-0.06463331830054542,-0.06423482564048322,-0.06517958471753785,-0.06621241681711679,-0.061030421092526696,-0.10428740041641717,-0.10706396483475092,-0.09997748819352131
Day-ahead Price [GBP/MWh]_standardized d-7 h=17,0.0,0.0,0.0,0.0,0.0,0.0,0.0,-0.02601168804210568,-0.036050541196152995,-0.03569808197123116,-0.0,-0.0,-0.0,-0.01236459633659735,-0.0,-0.0,-0.0,-0.0,-0.02137429790722815,-0.021514735241447362,-0.0,-0.0,-0.0,-0.0,-0.0,-0.0,-0.0,-0.0,-0.0,-0.0,-0.0,-0.0,-0.006217136550830703,-0.0038510496732038707,-0.0,-0.05684018149431538,-0.05390621919309052,-0.05268267228174548,-0.05019705299345832,-0.04996439870735795,-0.04872523449952819,-0.05031020550674758,-0.001488769537057231,-0.0,-0.0,-0.0,-0.0,-0.0,-0.0,-0.0,-0.0,-0.0,-0.0,-0.0,-0.0,-0.0,-0.0,-0.0,-0.0,-0.0
Day-ahead Price [GBP/MWh]_standardized d-7 h=18,0.0,0.0,0.0,0.0,0.0,0.0,0.0,-0.0,-0.0,-0.0,-0.0,-0.0,-0.0,-0.0,-0.0,-0.0,-0.0,-0.0,-0.0,-0.0,-0.0,-0.0,-0.0,-0.0,-0.0,-0.0,-0.0,-0.0,-0.0,-0.0,-0.0,-0.0,-0.0,-0.0,-0.0,-0.0,-0.0,-0.0,-0.0,-0.0,-0.0,-0.0,-0.0,-0.0,-0.0,-0.0,-0.0,-0.0,-0.0,-0.0,-0.0,-0.0,-0.0,-0.0,-0.0,-0.0,-0.0,-0.0,-0.0,-0.0
Day-ahead Price [GBP/MWh]_standardized d-7 h=19,0.0,0.0,0.0,0.0,0.0,0.0,0.0,0.0,0.0,0.0,0.0,0.0,0.0,0.0,0.0,0.0,0.0,0.0,-0.0,-0.0,0.0,0.0,0.0,0.0,0.0,0.0,0.0,0.0,0.0,-0.0,-0.0,-0.0,-0.0,-0.0,-0.0,-0.0,0.0,0.0,0.0,0.0,0.0,0.0,0.0,0.0,0.0,0.0,0.0,0.0,0.0,0.0,0.0,0.0,0.0,0.0,0.0,0.0,0.0,0.0,0.0,0.0
Day-ahead Price [GBP/MWh]_standardized d-7 h=20,0.0,0.0,0.0,0.0,0.0,0.0,0.0,-0.0,-0.0,-0.0,0.0,0.0,0.0,-0.0,-0.0,-0.0,0.0,-0.0,-0.0,-0.0,-0.0,-0.0,0.0,0.0,-0.0,-0.0,-0.0,-0.0,-0.0,-0.0,-0.0,-0.0,-0.0,-0.0,-0.0,-0.0,-0.0,0.0,0.0,0.0,0.0,0.0,-0.0,-0.0,-0.0,0.0,-0.0,-0.0,0.0,0.0,0.0,0.0,0.0,0.0,0.0,0.0,0.0,0.0,0.0,0.0
Day-ahead Price [GBP/MWh]_standardized d-7 h=21,0.0,0.0,0.0,0.0,0.0,0.0,-0.0,-0.0,-0.0,-0.0,-0.0,-0.0,-0.0,-0.0,-0.0,-0.0,-0.0,-0.0,-0.0,-0.0,-0.0,-0.0,-0.0,-0.0,-0.0,-0.0,-0.0,-0.0,-0.0,-0.0,-0.0,-0.0,-0.0,-0.0,-0.0,-0.0,-0.0,-0.0,0.0,0.0,-0.0,-0.0,-0.0,-0.0,-0.0,-0.0,-0.0,-0.0,-0.0,0.0,0.0,0.0,0.0,0.0,0.0,0.0,0.0,0.0,0.0,0.0
Day-ahead Price [GBP/MWh]_standardized d-7 h=22,-0.0,-0.0,0.0,0.0,0.0,0.0,-0.0,-0.0,-0.0,-0.0,0.0,0.0,0.0,-0.0,-0.0,-0.0,-0.0,-0.0,-0.0,-0.0,-0.0,-0.0,0.0,0.0,0.0,0.0,0.0,0.0,-0.0,-0.0,-0.0,-0.0,-0.0,-0.0,-0.0,-0.0,-0.0,-0.0,0.0,0.0,0.0,0.0,-0.0,-0.0,-0.0,0.0,0.0,0.0,-0.0,0.0,0.0,0.0,0.0,0.0,0.0,0.0,0.0,0.0,0.0,0.0
Day-ahead Price [GBP/MWh]_standardized d-7 h=23,-0.0,-0.0,-0.0,0.0,0.0,-0.0,-0.0,-0.0,-0.0,-0.0,0.0,0.0,0.0,0.0,0.0,0.0,0.0,0.0,-0.0,-0.0,0.0,0.0,0.0,0.0,0.0,0.0,0.0,0.0,0.0,0.0,0.0,0.0,0.0,-0.0,0.0,-0.0,0.0,0.0,0.0,0.0,0.0,0.0,-0.0,0.0,0.0,0.0,0.0,0.0,0.0,0.0,0.0,0.0,0.0,0.0,0.0,0.0,0.0,0.0,0.0,0.0
Day-ahead Price [GBP/MWh]_standardized d-7 h=24,-0.0,-0.0,-0.0,0.0,0.0,-0.0,-0.0,0.0,-0.0,-0.0,0.0,0.0,0.0,0.0,0.0,0.0,0.0,0.0,-0.0,-0.0,0.0,0.0,0.0,0.0,0.0,0.0,0.0,0.0,0.0,0.0,0.0,0.0,0.0,0.0,0.0,0.0,0.0,0.0,0.0,0.0,0.0,0.0,-0.0,0.0,0.0,0.0,0.0,0.0,0.0,0.0,0.0,0.0,0.0,0.0,0.0,0.0,0.0,0.0,0.0,0.0
Net Load_standardized d-0 h=1,-0.0,-0.0,-0.0,-0.0,-0.0,-0.0,-0.0,-0.0,-0.0,-0.0,-0.0,-0.0,-0.0,-0.0,-0.0,-0.0,-0.0,-0.0,-0.0,-0.0,-0.0,-0.0,0.0,-0.0,-0.0,-0.0,-0.0,-0.0,-0.0,-0.0,-0.0,0.0,0.0,-0.0,-0.0,-0.0,-0.0,-0.0,-0.0,-0.0,-0.0,-0.0,-0.0,-0.0,0.0,0.0,0.0,0.0,-0.0,-0.0,0.0,0.0,0.0,0.0,0.0,0.0,0.0,0.0,0.0,0.0
Net Load_standardized d-0 h=2,0.0,-0.0,-0.0,-0.0,-0.0,-0.0,-0.0,-0.0,-0.0,-0.0,-0.0,-0.0,-0.0,-0.0,-0.0,-0.0,-0.0,-0.0,-0.0,-0.0,-0.0,-0.0,0.0,0.0,-0.0,-0.0,0.0,0.0,0.0,0.0,0.0,0.0,0.0,-0.0,-0.0,-0.0,-0.0,-0.0,-0.0,-0.0,-0.0,-0.0,0.0,0.0,0.0,0.0,0.0,0.0,0.0,0.0,0.0,0.0,0.0,0.0,0.0,0.0,0.0,0.0,0.0,0.0
Net Load_standardized d-0 h=3,0.0,0.0,0.0,0.0,0.0,-0.0,-0.0,-0.0,-0.0,-0.0,-0.0,-0.0,-0.0,-0.0,-0.0,-0.0,-0.0,-0.0,-0.0,-0.0,-0.0,-0.0,0.0,0.0,0.0,0.0,0.0,0.0,0.0,0.0,0.0,0.0,0.0,0.0,0.0,-0.0,-0.0,-0.0,-0.0,-0.0,0.0,0.0,0.0,0.0,0.0,0.0,0.0,0.0,0.0,0.0,0.0,0.0,0.0,0.0,0.0,0.0,0.0,0.0,0.0,0.0
Net Load_standardized d-0 h=4,0.0,0.0,0.0,0.0,0.0,-0.0,-0.0,0.0,0.0,-0.0,-0.0,-0.0,-0.0,-0.0,-0.0,-0.0,0.0,-0.0,-0.0,-0.0,-0.0,-0.0,0.0,0.0,0.0,0.0,0.0,0.0,0.0,0.0,0.0,0.0,0.0,0.0,0.0,0.0,0.0,0.0,0.0,0.0,0.0,0.0,0.0,0.0,0.0,0.0,0.0,0.0,0.0,0.0,0.0,0.0,0.0,0.0,0.0,0.0,0.0,0.0,0.0,0.0
Net Load_standardized d-0 h=5,0.0,0.0,0.0,0.0,0.0,0.0,-0.0,0.0,0.0,0.0,-0.0,-0.0,-0.0,-0.0,0.0,0.0,0.0,0.0,0.0,0.0,0.0,0.0,0.0,0.0,0.0,0.0,0.0,0.0,0.0,0.0,0.0,0.0,0.0,0.0,0.0,0.0,0.0,0.0,0.0,0.0,0.0,0.0,0.0,0.0,0.0,0.0,0.0,0.0,0.0,0.0,0.0,0.0,0.0,0.0,0.0,0.0,0.0,0.0,0.0,0.0
Net Load_standardized d-0 h=6,0.0,0.0,0.0,0.0,0.0,0.0,0.0,0.0,0.0,0.0,0.0,0.0,0.0,0.0,0.0,0.0,0.0,0.0,0.0,0.0,0.0,0.0,0.0,0.0,0.0,0.0,0.0,0.0,0.0,0.0,0.0,0.0,0.0,0.0,0.0,0.0,0.0,0.0,0.0,0.0,0.0,0.0,0.0,0.0,0.0,0.0,0.0,0.0,0.0,0.0,0.0,0.0,0.0,0.0,0.0,0.0,0.0,0.0,0.0,0.0
Net Load_standardized d-0 h=7,0.0,0.0,0.0,0.0,0.0,0.0,0.0,0.0,0.0,0.0,0.0,0.0,0.0,0.0,0.0,0.0,0.0,0.0,0.0,0.0,0.0,0.0,0.0,0.0,0.0,0.0,0.0,0.0,0.0,0.0,0.0,0.0,0.0,0.0,0.0,0.0,0.0,0.0,0.0,0.0,0.0,0.0,0.0,0.0,0.0,0.0,0.0,0.0,0.0,0.0,0.0,0.0,0.0,0.0,0.0,0.0,0.0,0.0,0.0,0.0
Net Load_standardized d-0 h=8,0.08422881179643832,0.02787658756380601,0.03742354625063632,0.06837216307241291,0.05722082646589335,0.045139358723838466,0.06982943675734397,0.14850922770798072,0.15450282649702515,0.1487556573804186,0.14272098352650917,0.13836269988600536,0.17483295988017747,0.003016963130772337,0.017525710643805027,0.0,0.06837868883168037,0.06399913623647067,0.0,0.0022869970814141287,0.0,0.0,0.15980346989379673,0.11502517272896592,0.09895639115836351,0.096303423144354,0.06807328163124132,0.07353457934179516,0.10078186725719405,0.10404946548572562,0.08392007408196375,0.07026703636266993,0.07401713179415026,0.02868167063205647,0.029858781814701984,0.030222473786476814,0.004187008660764062,0.04434236977891913,0.048006210598994306,0.04779002990793233,0.023988873716964648,0.06153292364161964,0.09146985312649071,0.008870086067745335,0.0195990001302816,0.037506473934989036,0.09936728489327305,0.0916737832340578,0.07063149246561255,0.11214231392725524,0.11075614841181214,0.0962666491820954,0.08835328470414061,0.09121277235623544,0.09669571378730472,0.1206915690230968,0.11640844384581457,0.13892293073103792,0.1507718037450995,0.15563837736168898
Net Load_standardized d-0 h=9,0.02187962786233023,0.0819465680165146,0.07437451097731379,0.0,0.0,0.0,0.0,0.0,0.0,0.0,0.0,0.0,0.0,0.2537586148295846,0.2811976118657378,0.2846521266318306,0.2067435481548974,0.22725054343222745,0.24286539066195587,0.2209560858990582,0.22423822258753617,0.21854954376379887,0.0,0.06148058960610251,0.0,0.0,0.0,0.0,0.0,0.0,0.0,0.0,0.0,0.0,0.0,0.0,0.0,0.0,0.0,0.0,0.0,0.0,0.0,0.0,0.0,0.0,0.0,0.0,0.0,0.0,0.0,0.0,0.0,0.0,0.0,0.0,0.0,0.0,0.0,0.0
Net Load_standardized d-0 h=10,0.0,0.0,0.0,0.0,0.0,0.0,0.0,0.0,0.0,0.0,0.0,0.0,0.0,0.0,0.0,0.0,0.0,0.0,0.0,0.0,0.0,0.0,0.0,0.0,0.0,0.0,0.0,0.0,0.0,0.0,0.0,0.0,0.0,0.0,0.0,0.0,0.0,0.0,0.0,0.0,0.0,0.0,0.0,0.0,0.0,0.0,0.0,0.0,0.0,0.0,0.0,0.0,0.0,0.0,0.0,0.0,0.0,0.0,0.0,0.0
Net Load_standardized d-0 h=11,0.0,0.0,0.0,0.0,0.0,0.0,0.0,0.0,0.0,0.0,0.0,0.0,0.0,0.0,0.0,0.0,0.0,0.0,0.0,0.0,0.0,0.0,0.0,0.0,0.08595635084881187,0.09308828940657989,0.20148201776704916,0.1941305322487163,0.1313997761578081,0.14985270911838097,0.18280671601432744,0.1637490248431366,0.1007496744317899,0.2294819229292264,0.21105665529775164,0.16013005993739715,0.17128285911591443,0.1302046021345287,0.14573959455763025,0.14802931150233165,0.1972107931227404,0.13827866983522916,0.0,0.0,0.0,0.0,0.0,0.0,0.0,0.0,0.0,0.0,0.0,0.0,0.0,0.0,0.0,0.0,0.0,0.0
Net Load_standardized d-0 h=12,0.0,0.0,0.0,0.0,0.0,0.0,0.0,0.0,0.0,0.0,0.06545376729715194,0.10836329869786072,0.09896025155324488,0.0,0.0,0.0,0.0,0.0,0.0,0.0,0.0,0.0,0.0,0.0,0.0,0.0,0.0,0.0,0.0,0.0,0.0,0.0,0.0,0.0,0.0,0.0,0.0,0.0,0.0,0.0,0.0,0.0,0.08180627416519276,0.30860065595846675,0.2408940752107325,0.12630371027303267,0.005410213562321449,0.0,0.0,0.009179601331011358,0.0,0.0,0.0,0.0,0.0,0.0,0.0,0.0,0.0,0.0
Net Load_standardized d-0 h=13,0.0,0.0,0.0,0.0,0.0,0.0,0.0,0.0,0.0,0.0,0.0,0.0,0.0,0.0,0.0,0.0,0.0,0.0,0.0,0.0,0.0,0.0,0.0,0.0,0.0,0.0,0.0,0.0,0.0,0.0,0.0,0.0,0.0,0.0,0.0,0.0,0.0,0.0,0.0,0.0,0.0,0.0,0.16887611441181682,0.0,0.03460022421542007,0.14301344163269267,0.1903417875844724,0.20158617230730336,0.23364471105509171,0.18086774126340638,0.17923438645864662,0.21176778850199895,0.2204647531330643,0.21943553836574564,0.20846372513904785,0.12189667017559397,0.12167409929740221,0.0,0.0,0.0
Net Load_standardized d-0 h=14,0.0,0.0,0.0,0.0,0.0,0.0,0.0,0.0,0.0,0.0,0.0,0.0,0.0,0.0,0.0,0.0,0.0,0.0,0.0,0.0,0.07849373692625904,0.0735405378439279,0.09453703108825227,0.08819340753858958,0.0843623534402521,0.08549191657816647,0.003472187575313018,0.0,0.0,0.0,0.0,0.0,0.0,0.0,0.0,0.0,0.0,0.0,0.0,0.0,0.0,0.0,0.0,0.0,0.0,0.0,0.0,0.0,0.0,0.0,0.0,0.0,0.0,0.0,0.0,0.0,0.0,0.0,0.0,0.0
Net Load_standardized d-0 h=15,0.0,0.0,0.0,0.0,0.0,0.0,0.0,0.0,0.0,0.0,0.0,0.0,0.0,0.0,0.0,0.0,0.0,0.0,0.0,0.0,0.0,0.0,0.0,0.0,0.0,0.0,0.0,0.0,0.0,0.0,0.0,0.0,0.0,0.0,0.0,0.0,0.0,0.0,0.0,0.0,0.0,0.0,0.0,0.0,0.0,0.0,0.0,0.0,0.0,0.0,0.0,0.0,0.0,0.0,0.0,0.0,0.0,0.0,0.0,0.0
Net Load_standardized d-0 h=16,0.04387504238683602,0.0,0.0,0.0,0.0,0.0,0.0,0.01494506912129936,0.1385635965697465,0.14177328280266477,0.10897694218815003,0.08370426826529805,0.10843246952704157,0.17871361083326023,0.1335573276279122,0.1645354524828049,0.19802397353961618,0.1511963377008684,0.11235894425594228,0.1205884306479229,0.0,0.0,0.0,0.0,0.0,0.0,0.014498337854656117,0.010076996963367385,0.10841682637169839,0.08290379983249192,0.05559589203907133,0.08199044031203093,0.22228562989937417,0.055263991177031166,0.08607381479267612,0.2835720963550609,0.2504417590701304,0.26139897170738746,0.21507708401111159,0.2055753641474984,0.15312651232981112,0.19995152262623153,0.0,0.0,0.0,0.0,0.0,0.0,0.0,0.0,0.0,0.0,0.0,0.0,0.0,0.0,0.0,0.06536139711802268,0.0,0.0
Net Load_standardized d-0 h=17,0.16342510182134637,0.20301184722594595,0.20252317146750606,0.23779722708481796,0.26004964768787414,0.28355261662344583,0.2580845160385094,0.1837253268805812,0.0,0.0,0.0,0.0,0.0,0.0,0.0,0.0,0.0,0.0,0.0,0.0,0.0,0.0,0.0,0.0,0.0,0.0,0.0,0.0,0.0,0.0,0.0,0.0,0.0,0.0,0.0,0.0,0.0,0.0,0.0,0.0,0.0,0.0,0.10904656338837083,0.23829016612433304,0.24328449249809164,0.17015895838709877,0.16970556599880687,0.17775259013017777,0.1695580712843891,0.11960384258774188,0.10735366175132939,0.08646670257603589,0.06751938203097639,0.07751152272532058,0.06910335719864698,0.07891522865079983,0.08549724295207695,0.0,0.0,0.0
Net Load_standardized d-0 h=18,0.0,0.0,0.0,0.0,0.0,0.0,0.0,0.0,0.0,0.0,0.0,0.0,0.0,0.0,0.0,0.0,0.0,0.0,0.0,0.0,0.0,0.0,0.0,0.0,0.0,0.0,0.0,0.0,0.0,0.0,0.0,0.0,0.0,0.0,0.0,0.0,0.0,0.0,0.0,0.0,0.0,0.0,0.0,0.0,0.0,0.0,0.0,0.0,0.0,0.0,0.0,0.0,0.0,0.0,0.0,0.0,0.0,0.0,0.0,0.0
Net Load_standardized d-0 h=19,0.0,0.0,0.0,0.0,0.0,0.0,0.0,0.00015606172984527827,0.1214097866365907,0.12077647908307307,0.1286362725418802,0.09969460672841494,0.07833499767694463,0.0,0.0,0.010717602084914657,0.0,0.016747848481957137,0.14458598558756974,0.16977415511586777,0.15988023168322266,0.15912183814263928,0.19928195238572718,0.21189039544429242,0.23746601895727684,0.25191022662295026,0.28890151107376477,0.30860910561357907,0.238964596361004,0.22949787662861718,0.23396214551689856,0.21354228046215326,0.15648306108876844,0.23531894153867755,0.2336546804174146,0.13616705541966823,0.17630298233101765,0.16968348690830803,0.1971291436920031,0.2050775319537874,0.2360195558162387,0.1926221437713842,0.09568856496061387,0.0,0.0,0.0,0.0,0.0,0.0,0.020852184421742803,0.038896397888302764,0.04492159317026435,0.05087447952701456,0.03640273165265082,0.04188438302592833,0.0,0.0,0.08290681084139415,0.13715363839595257,0.12560196582213365
Net Load_standardized d-0 h=20,0.0,0.0,0.0,0.0,0.0,0.0,0.0,0.0,0.0,0.0,0.0,0.0,0.0,0.0,0.0,0.0,0.0,0.0,0.0,0.0,0.03178603350222682,0.0504607597949191,0.0812126678452629,0.0719821718493095,0.09715871373267096,0.07789562615194057,0.02899706324016253,0.0,0.0,0.0,0.0,0.0,0.0,0.0,0.0,0.0,0.0,0.0,0.0,0.0,0.0,0.0,0.0,0.0,0.0,0.0,0.0,0.0,0.0,0.0,0.0,0.0,0.0,0.0,0.0,0.0,0.0,0.0,0.0,0.0
Net Load_standardized d-0 h=21,0.0,0.0,0.0,0.0,0.0,0.0,0.0,0.0,0.0,0.0,0.0,0.0,0.0,0.0,0.0,0.0,0.0,0.0,0.0,0.0,0.0,0.0,0.0,0.0,0.0,0.0,0.0,0.0,0.0,0.0,0.0,0.0,0.0,0.0,0.0,0.0,0.0,0.0,0.0,0.0,0.0,0.0,0.0,0.0,0.0,0.0,0.0,0.0,0.0,0.0,0.0,0.0,0.0,0.0,0.0,0.0,0.0,0.0,0.0,0.0
Net Load_standardized d-0 h=22,0.0,0.0,0.0,0.0,0.0,0.0,0.0,0.0,0.0,0.0,0.0,0.0,0.0,0.0,0.0,0.0,0.0,0.0,0.0,0.0,0.0,0.0,0.0,0.0,0.0,0.0,0.0,0.0,0.0,0.0,0.0,0.0,0.0,0.0,0.0,0.0,0.0,0.0,0.0,0.0,0.0,0.0,0.0,0.0,0.0,0.0,0.0,0.0,0.0,0.0,0.0,0.0,0.0,0.0,0.0,0.0,0.0,0.0,0.0,0.0
Net Load_standardized d-0 h=23,0.0,0.0,0.0,0.0,0.0,0.0,0.0,0.0,0.0,0.0,0.0,0.0,0.0,0.0,0.0,0.0,0.0,0.0,0.0,0.0,0.0857581215965498,0.043602131465946464,0.013670471583974511,0.0,0.0,0.0,0.006013962155139539,0.0252376324583952,0.0,0.0,0.0,0.0,0.0,0.0,0.0,0.0,0.0,0.0,0.0,0.0,0.0,0.0,0.0,0.0,0.0,0.0,0.0,0.0,0.0,0.0,0.0,0.0,0.0,0.0,0.0,0.0,0.0,0.0,0.0,0.0
Net Load_standardized d-0 h=24,0.09152922330122511,0.08369453034565819,0.08549159795926001,0.07619217503701388,0.06042597083279991,0.03912141463705268,0.041680795656976126,0.09318511909468294,0.04876701340714155,0.048790023065855594,0.05376158793546629,0.07299936216853745,0.08103883767289023,0.1608318733738513,0.1656955747328879,0.13258514598053678,0.12918677978759685,0.12922475972142128,0.09003364223293243,0.0683735389079174,0.0,0.031680388916067025,0.0,0.0,0.0,0.0,0.0,0.0,0.007347158036241176,0.03313964128373854,0.04846465474624812,0.08461639996191311,0.04180720693440615,0.04583300401423564,0.032842356538863415,0.0,0.0,0.0,0.0,0.0,0.0,0.0,0.0,0.0,0.0,0.0,0.0,0.0,0.0,0.0,0.0,0.0,0.0,0.0,0.0,0.0,0.0,0.0,0.0,0.0
Net Load_standardized d-1 h=1,-0.0,-0.0,-0.0,-0.0,-0.0,-0.0,-0.0,0.0,-0.0,-0.0,-0.0,-0.0,-0.0,-0.0,-0.0,-0.0,-0.0,-0.0,-0.0,-0.0,-0.0,-0.0,-0.0,-0.0,-0.0,-0.0,-0.0,-0.0,-0.0,-0.0,-0.0,-0.0,-0.0,-0.0,-0.0,-0.0,-0.0,-0.0,-0.0,-0.0,-0.0,-0.0,-0.0,-0.0,0.0,0.0,0.0,0.0,0.0,0.00069937284725092,0.017017383680000605,0.012638884001194785,0.011988277601994448,0.014698561630373445,0.011799011376947515,0.046239390867643,0.04832410097015426,0.0,0.0,0.0
Net Load_standardized d-1 h=2,-0.0,-0.0,-0.0,-0.0,-0.0,-0.0,-0.0,0.0,0.0,0.0,0.0,-0.0,-0.0,-0.0,-0.0,-0.0,-0.0,-0.0,-0.0,-0.0,-0.0,-0.0,-0.0,0.0,-0.0,-0.0,-0.0,-0.0,-0.0,-0.0,-0.0,-0.0,-0.0,-0.0,-0.0,-0.0,-0.0,-0.0,-0.0,-0.0,-0.0,-0.0,-0.0,-0.0,0.0,0.0,0.0,0.0,0.0,0.019518088050501387,0.0,0.0,0.0,0.0,0.0,0.0,0.0,0.0,0.0,0.0
Net Load_standardized d-1 h=3,-0.0,-0.0,-0.0,-0.0,-0.0,-0.0,-0.0,0.0,0.0,0.0,-0.0,-0.0,-0.0,-0.0,-0.0,-0.0,-0.0,-0.0,-0.0,-0.0,-0.0,-0.0,-0.0,-0.0,-0.0,-0.0,-0.0,-0.0,-0.0,-0.0,-0.0,-0.0,-0.0,-0.0,-0.0,-0.0,-0.0,-0.0,-0.0,-0.0,-0.0,-0.0,-0.0,-0.0,0.0,0.0,0.0,0.0,0.0,0.0,0.0,0.0,0.0,0.0,0.0,0.0,0.0,0.0,0.0,0.0
Net Load_standardized d-1 h=4,-0.0,-0.0,-0.0,-0.0,-0.0,-0.0,-0.0,0.0,0.0,0.0,-0.0,-0.0,-0.0,-0.0,-0.0,-0.0,-0.0,-0.0,-0.0,-0.0,-0.0,-0.0,-0.0,-0.0,-0.0,-0.0,-0.0,-0.0,-0.0,-0.0,-0.0,-0.0,-0.0,-0.0,-0.0,-0.0,-0.0,-0.0,-0.0,-0.0,-0.0,-0.0,-0.0,-0.0,0.0,0.0,0.0,0.0,0.0,0.0,0.0,0.0,0.0,0.0,0.0,0.0,0.0,0.0,0.0,0.0
Net Load_standardized d-1 h=5,-0.0,-0.0,-0.0,-0.0,-0.0,-0.0,-0.0,0.0,0.0,0.0,0.0,0.0,-0.0,-0.0,-0.0,-0.0,-0.0,-0.0,-0.0,-0.0,-0.0,-0.0,-0.0,0.0,-0.0,-0.0,-0.0,-0.0,-0.0,-0.0,-0.0,-0.0,-0.0,-0.0,-0.0,-0.0,-0.0,-0.0,-0.0,-0.0,-0.0,-0.0,-0.0,-0.0,0.0,0.0,0.0,0.0,0.0,0.0,0.0,0.0,0.0,0.0,0.0,0.0,0.0,0.0,0.0,0.0
Net Load_standardized d-1 h=6,-0.0,-0.0,-0.0,-0.0,-0.0,-0.0,-0.0,-0.0,-0.0,-0.0,-0.0,-0.0,-0.0,-0.0,-0.0,-0.0,-0.0,-0.0,-0.0,-0.0,-0.0,-0.0,-0.0,-0.0,-0.0,-0.0,-0.0,-0.0,-0.0,-0.0,-0.0,-0.0,-0.0,-0.0,-0.0,-0.0,-0.0,-0.0,-0.0,-0.0,-0.0,-0.0,-0.0,-0.0,0.0,0.0,0.0,0.0,0.0,0.0,0.0,0.0,0.0,0.0,0.0,0.0,0.0,0.0,0.0,0.0
Net Load_standardized d-1 h=7,-0.0794887486500743,-0.07457244208616685,-0.07561358804126991,-0.07892726126462611,-0.08995993533123944,-0.09112230055635769,-0.10752759501531096,-0.0,-0.0,-0.0,-0.0,-0.0,-0.0,-0.0,-0.0,-0.0,-0.0,-0.0,-0.0,-0.0,-0.0,-0.0,-0.0,-0.0,-0.0,-0.0,-0.0,-0.0,-0.0,-0.0,-0.0,-0.0,-0.0,-0.0,-0.0,-0.0,-0.0,-0.0,-0.0,-0.0,-0.0,-0.0,-0.0,-0.0,0.0,0.0,0.0,0.0,0.0,0.0,0.0,0.0,0.0,0.0,0.0,0.0,0.0,0.0,-0.0,-0.0
Net Load_standardized d-1 h=8,-0.0,-0.0,-0.0,-0.0,-0.0,-0.0,-0.0,-0.09116121909596693,-0.01378543114272274,-0.002458318778444126,-0.025928274957867994,-0.0342730131729593,-0.07448664500445726,-0.07121220554073249,-0.08097838543478227,-0.08290709881994537,-0.09892130190585245,-0.04088302367393704,-0.0031718441093749636,-0.0016244528691553356,-0.04690724874776236,-0.032553737864592806,-0.10272117468814382,-0.11968742417575523,-0.0,-0.0,-0.0,-0.0,-0.0,-0.0,-0.0,-0.0,-0.0,-0.08180329132084603,-0.08950657852286675,-0.08271545796620837,-0.08927618313250696,-0.07729462089927493,-0.04913639106163443,-0.04781094037245457,-0.04595630352360779,-0.056144458507790054,-0.00598585240038967,-0.0,-0.0,-0.0,-0.0,-0.0,0.0,0.0,0.0,0.0,0.0,0.0,-0.0,-0.0,-0.0,-0.0,-0.0,-0.0
Net Load_standardized d-1 h=9,-0.0,-0.0,-0.0,-0.0,-0.0,-0.0,-0.0,-0.0,-0.0,-0.0,-0.0,-0.0,-0.0,-0.0,-0.0,-0.0,-0.0,-0.0,-0.0,-0.0,-0.0,-0.0,-0.0,-0.0,-0.09859335535068804,-0.09811743883943566,-0.10059476286955941,-0.10724316757959824,-0.12631369969650905,-0.11323300142389642,-0.11849938437813008,-0.1172403011676388,-0.08469831875908419,-0.0,-0.0,-0.0,-0.0,-0.021943315678562683,-0.0,-0.0,-0.0,-0.0,-0.0,-0.0,-0.0,-0.0,-0.0,-0.0,0.0,0.0,0.0,-0.0,-0.0,-0.0,-0.0,-0.0,-0.0,-0.0,-0.0,-0.0
Net Load_standardized d-1 h=10,-0.0,-0.0,-0.0,-0.0,-0.0,-0.0,-0.0,-0.0,-0.0,-0.0,-0.0,-0.0,-0.0,-0.0,-0.0,-0.0,-0.0,-0.0,0.0,-0.0,-0.0,-0.0,-0.0,-0.0,-0.0,-0.0,-0.0,-0.0,-0.0,-0.0,-0.0,-0.0,-0.0,-0.0,-0.0,-0.0,-0.0,-0.0,-0.0,-0.0,-0.0,-0.0,-0.0,-0.0,0.0,0.0,0.0,0.0,0.0,0.0,0.0,0.0,0.0,0.0,0.0,0.0,0.0,-0.0,-0.0,-0.0
Net Load_standardized d-1 h=11,-0.0,0.0,0.0,0.0,0.0,0.0,0.0,0.0,0.0,0.0,0.0,0.0,0.0,0.0,0.0,0.0,0.0,0.0,0.0,0.0,0.0,0.0,0.0,0.0,0.0,0.0,0.0,0.0,-0.0,0.0,0.0,0.0,0.0,0.0,0.0,0.0,0.0,0.0,0.0,0.0,0.0,0.0,-0.0,-0.0,0.0,0.0,0.0,0.0,0.0,0.0,0.0,0.0,0.0,0.0,0.0,0.0,0.0,0.0,0.0,-0.0
Net Load_standardized d-1 h=12,0.0,0.0,0.0,0.0,0.0,0.0,0.0,0.0,0.0,0.0,0.0,0.0,0.0,0.0,0.0,0.0,0.0,0.0,0.0,0.0,0.0,0.0,0.0,0.0,0.0,0.0,0.0,0.0,0.0,0.0,0.0,0.0,0.0,0.0,0.0,0.0,0.0,0.0,0.0,0.0,0.0,0.0,-0.0,0.0,0.0,0.0,0.0,0.0,0.0,0.0,0.0,0.0,0.0,0.0,0.0,0.0,0.0,0.0,0.0,0.0
Net Load_standardized d-1 h=13,0.0,0.0,0.0,0.0,0.0,0.0,0.0,0.0,0.0,0.0,0.0,0.0,0.0,0.0,0.0,0.0,0.0,0.0,0.0,0.0,0.0,0.0,0.0,0.0,0.0,0.0,0.0,0.0,0.0,0.0,0.0,0.0,0.0,0.0,0.0,0.0,0.0,0.0,0.0,0.0,0.0,0.0,0.0,0.0,0.0,0.0,0.0,0.0,0.0,0.0,0.0,0.0,0.0,0.0,0.0,0.0,0.0,0.0,0.0,0.0
Net Load_standardized d-1 h=14,0.0,0.0,0.0,0.0,0.0,0.0,0.0,0.056297118404522145,0.04018017125706509,0.03425963869235,0.045325418412919746,0.07321076051946551,0.08063285527359103,0.09528727109249538,0.11144463075926488,0.11524063436351939,0.11419496087884783,0.08109237293740772,0.0,0.009404384537028023,0.017784506328094998,0.005752046568069462,0.0,0.0,0.0,0.0,0.0,0.0,0.0,0.0,0.0,0.0,0.0,0.0,0.0,0.0,0.0,0.0,0.0,0.0,0.0,0.0,0.0,0.0,0.04015416003274389,0.06833160684811887,0.06635364149030101,0.05934617813190411,0.04749816632545766,0.014136265797862745,0.0,0.0,0.0,0.0,0.0,0.0,0.0,0.0,0.0,0.0
Net Load_standardized d-1 h=15,0.0,0.0,0.0,0.0,0.0,0.0,0.0,0.0,0.0,0.0,0.0,0.0,0.0,0.0,0.0,0.0,0.0,0.0,0.0,0.0,0.0,0.0,0.0,0.0,0.0,0.0,0.0,0.0,0.0,0.0,0.0,0.0,0.0,0.0,0.0,0.0,0.0,0.0,0.0,0.0,0.0,0.0,0.0,0.0,0.0,0.0,0.0,0.0,0.0,0.0,0.0,0.0,0.0,0.0,0.0,0.0,0.0,0.0,0.0,0.0
Net Load_standardized d-1 h=16,-0.0,0.0,-0.0,0.0,0.0,0.0,0.0,0.0,0.0,0.0,0.0,0.0,0.0,0.0,0.0,0.0,0.0,0.0,0.0,0.0,0.0,0.0,0.0,0.0,0.0,0.0,0.0,0.0,0.0,0.0,0.0,0.0,0.0,0.0,0.0,0.0,0.0,0.0,0.0,0.0,0.0,0.0,0.0,0.0,0.0,0.0,0.0,0.0,0.0,0.0,0.0,0.0,0.0,0.0,0.0,0.0,0.0,0.0,0.0,0.0
Net Load_standardized d-1 h=17,-0.0,-0.0,-0.0,-0.0,-0.0,-0.0,-0.0,0.0,0.0,0.0,0.0,0.0,0.0,0.0,0.0,0.0,0.0,0.0,0.0,0.0,0.0,0.0,0.0,0.0,0.0,0.0,0.0,0.0,0.0,0.0,0.0,0.0,0.0,0.0,0.0,0.0,0.0,0.0,0.0,0.0,0.0,0.0,0.0,0.0,0.013907934685796836,0.03419835107559272,0.0,0.0,0.0,0.021792171415243866,0.014886097852848399,0.003839063838120961,0.018655339716306868,0.0160704172982947,0.020499433055304356,0.0,0.0,0.0,0.0,0.0
Net Load_standardized d-1 h=18,-0.0,-0.0,-0.0,-0.0,-0.0,-0.0,-0.0,0.0,0.0,0.0,0.0,0.0,0.0,0.0,0.0,0.0,0.0,0.0,0.0,0.0,0.0,0.0,0.0,0.0,0.0,0.0,0.0056574712555768425,0.01365576045052745,0.048141664887829436,0.025424984223775697,0.03651974661875816,0.03458220783664944,0.005687586423893259,0.030790630931295825,0.03997442385912364,0.005668251047599399,0.06556429579390557,0.06933134368066324,0.01649504975457733,0.01671910699888741,0.02334740002780185,0.04083092568927756,0.0,0.0,0.0,0.0,0.0,0.0,0.0,0.0,0.0,0.0,0.0,0.0,0.0,0.09203221615713876,0.06738439152524757,0.10002064200122544,0.06889734597213554,0.0505646975835524
Net Load_standardized d-1 h=19,-0.0,-0.0,-0.0,-0.0,-0.0,-0.0,-0.0,0.0,0.0,0.0,0.0,-0.0,0.0,0.0,0.0,0.0,0.0,0.0,0.0,0.0,0.0,0.0,0.0,0.0,0.0,0.0,0.0,0.0,0.0,0.0,0.0,0.0,0.0,0.0,0.0,0.0,0.0,0.0,0.0,0.0,0.0,0.0,0.0,-0.0,0.0,0.0,0.0,0.0,0.0,0.0,0.0,0.0,0.0,0.0,0.0,0.0,0.0,0.0,0.0,0.0
Net Load_standardized d-1 h=20,-0.0,-0.0,-0.0,-0.0,-0.0,-0.0,-0.0,-0.0,-0.0,-0.0,-0.0,-0.0,-0.0,-0.0,-0.0,-0.0,-0.0,-0.0,0.0,0.0,0.0,0.0,0.0,0.0,0.0,0.0,0.0,0.0,0.0,0.0,0.0,0.0,0.0,0.0,0.0,0.0,0.0,0.0,0.0,0.0,0.0,0.0,0.0,-0.0,0.0,0.0,0.0,0.0,0.0,0.0,0.0,0.0,0.0,0.0,0.0,0.0,0.0,0.0,0.0,0.0
Net Load_standardized d-1 h=21,-0.0,-0.0,-0.0,-0.0,-0.0,-0.0,-0.0,0.0,0.0,0.0,-0.0,-0.0,-0.0,-0.0,0.0,0.0,0.0,0.0,0.0,0.0,0.0,0.0,0.0,0.0,0.0,0.0,0.0,0.0,0.0,0.0,0.0,0.0,0.0,0.0,0.0,0.0,0.0,0.0,0.0,0.0,0.0,0.0,0.0,-0.0,0.0,0.0,0.0,0.0,0.0,0.0,0.0,0.0,0.0,0.0,0.0,0.0,0.0,0.0,0.0,0.0
Net Load_standardized d-1 h=22,0.0,0.0,-0.0,-0.0,0.0,-0.0,-0.0,0.0,0.0,0.0,0.0,0.0,0.0,0.0,0.0,0.0,0.0,0.0,0.0,0.0,0.0,0.0,0.0,0.0,0.0,0.0,0.0,0.0,0.0,0.0,0.0,0.0,0.0,0.0,0.0,0.0,0.0,0.0,0.0,0.0,0.0,0.0,0.0,0.0,0.0,0.0,0.0,0.0,0.0,0.0,0.0,0.0,0.0,0.0,0.0,0.0,0.0,0.0,0.0,0.0
Net Load_standardized d-1 h=23,0.0,0.0,0.0,0.0,0.0,0.0,-0.0,0.0,0.0,0.0,0.0,0.0,0.0,0.0,0.0,0.0,0.0,0.0,0.0,0.0,0.0,0.0,0.06624560071441632,0.07185121451967788,0.031425620980393816,0.02343839317898792,0.008828090291162796,0.0,0.0,0.0,0.0,0.016360842917591684,0.030428867466262915,0.0,0.0,0.0,0.0,0.0,0.0,0.0,0.0,0.0,0.0,0.0,0.0,0.0,0.0,0.0,0.0,0.0,0.0,0.0,0.0,0.0,0.0,0.0,0.0,0.0,0.0,0.0
Net Load_standardized d-1 h=24,0.0,0.0,0.0,0.0,0.0,-0.0,-0.0,0.0,0.0,0.0,-0.0,-0.0,-0.0,-0.0,0.0,0.0,0.0,0.0,0.0,0.0,0.0,0.0,0.0,0.0,0.0,0.0,0.0,0.0,0.0,0.0,0.0,0.0,0.0,0.0,0.0,0.0,0.0,0.0,0.0,0.0,0.0,0.0,0.0,0.0,0.0,0.0,0.0,0.0,0.0,0.0,0.0,0.0,0.0,0.0,0.0,0.0,0.0,0.0,0.0,0.0
Net Load_standardized d-7 h=1,0.0,0.0,0.0,0.0,0.0,0.0,0.0,0.0,0.0,0.0,0.0,0.0,0.0,0.0,0.0,0.0,0.0,0.0,0.0,0.00486542532007947,0.00037867062813052107,0.0,0.004382157296202986,0.009935136464000472,0.0,0.0,0.0,0.0,0.0,0.0,0.0,0.0,0.0,0.0,0.0,0.0,-0.0,-0.0,-0.0,-0.0,-0.0,-0.0,-0.0,-0.004915709470666041,-0.0,-0.0,-0.0,-0.0,-0.0,-0.047618526150650785,-0.0,-0.04910806370624064,-0.024252606123595657,-0.03476273237111454,-0.0353969943434156,-0.09230880250894771,-0.09737592094931909,-0.08076017022513957,-0.0,-0.06378644218462924
Net Load_standardized d-7 h=2,0.060438269133862924,0.07920926440027347,0.08319831692989864,0.09423128837190954,0.1170886429733166,0.1198972439774984,0.10965275518739186,0.08561795847601712,0.11609212666752675,0.11646061690155796,0.10433018667405304,0.100169745623264,0.07379489741799983,0.01041684630980133,0.0022471991867569477,0.009474469514042015,0.007401192436999087,0.03129365029814139,0.0,0.002194287616144508,0.018217071332470698,0.021805187440124142,0.0,0.0,0.0,0.0,0.0,0.0,0.0,0.0,0.0,0.0,0.0,0.0,0.0,0.0,-0.0,-0.0,-0.0,-0.0,-0.0,0.0,-0.0,-0.0,-0.0,-0.0,-0.0,-0.0,-0.0,-0.0,-0.0,-0.0,-0.0,-0.0,-0.0,-0.0,-0.0,-0.0,-0.0,-0.0
Net Load_standardized d-7 h=3,0.0,0.0,0.0,0.0,0.0,0.0,0.0,0.0,0.0,0.0,0.0,0.0,0.0,0.0,0.0,0.0,0.0,0.0,0.0,0.0,0.0,0.0,0.0,0.0,0.0,0.0,0.0,0.0,0.0,0.0,0.0,0.0,0.0,0.0,0.0,0.0,-0.0,-0.0,-0.0,-0.0,-0.0,0.0,-0.0,-0.0,-0.0,-0.0,-0.0,-0.0,-0.0,-0.0,-0.0,-0.0,-0.0,-0.0,-0.0,-0.0,-0.0,-0.0,-0.07467525251243651,-0.008001672273417042
Net Load_standardized d-7 h=4,0.0,0.0,0.0,0.0,0.0,0.0,0.0,0.0,0.0,0.0,0.0,0.0,0.0,0.0,0.0,0.0,0.0,0.0,0.0,0.0,0.0,0.0,0.0,0.0,0.0,0.0,0.0,0.0,0.0,0.0,0.0,0.0,0.0,0.0,0.0,-0.0,-0.0,-0.0,-0.0,-0.0,-0.0,-0.0,-0.0,-0.0,-0.0,-0.01191755076922474,-0.0,-0.0,-0.0,-0.0,-0.05895862562156363,-0.027546325376082474,-0.06297466649133233,-0.055150271847290405,-0.049776476649194434,-0.0,-0.0,-0.0,-0.0,-0.0
Net Load_standardized d-7 h=5,0.0,0.0,0.0,0.0,0.0,0.0,0.0,0.0,0.0,0.0,0.0,0.0,0.0,0.0,0.0,0.0,0.0,0.0,0.0,0.0,0.0,0.0,0.0,0.0,0.0,0.0,0.0,0.0,0.0,0.0,0.0,0.0,0.0,0.0,0.0,-0.0,-0.0,-0.0,-0.0,-0.0,-0.0,-0.0,-0.0,-0.0,-0.0,-0.0,-0.0,-0.0,-0.0,-0.0,-0.0,-0.0,-0.0,-0.0,-0.0,-0.0,-0.0,-0.0,-0.0,-0.0
Net Load_standardized d-7 h=6,0.0,0.0,0.0,0.0,0.0,0.0,0.0,0.0,0.0,0.0,0.0,0.0,0.0,0.0,0.0,0.0,0.0,0.0,0.0,0.0,0.0,0.0,0.0,0.0,0.0,0.0,0.0,0.0,0.0,0.0,-0.0,0.0,-0.0,-0.0,-0.0,-0.0,-0.0,-0.0,-0.0,-0.0,-0.0,-0.0,-0.0,-0.0,-0.0,-0.0,-0.0,-0.0,-0.0,-0.0,-0.0,-0.0,-0.0,-0.0,-0.0,-0.0,-0.0,-0.0,-0.0,-0.0
Net Load_standardized d-7 h=7,0.0,0.0,0.0,0.0,0.0,0.0,0.0,0.0,0.0,0.0,0.0,0.0,0.0,0.0,0.0,0.0,0.0,0.0,0.0,0.0,0.0,0.0,0.0,0.0,0.0,0.0,0.0,0.0,0.0,0.0,0.0,0.0,0.0,-0.0,0.0,-0.0,-0.0,-0.0,-0.0,-0.0,0.0,0.0,-0.0,-0.0,-0.0,-0.0,-0.0,-0.0,-0.0,-0.0,-0.0,-0.0,-0.0,-0.0,-0.0,-0.0,-0.0,-0.0,-0.0,-0.0
Net Load_standardized d-7 h=8,0.0,0.0,0.0,0.0,0.0,0.0,0.0,0.0,0.0,0.0,0.0,0.0,0.0,0.0,0.0,0.0,0.0,0.0,0.0,0.0,0.0,0.0,0.0,0.0,0.0,0.0,0.0,0.0,0.0,0.0,0.0,0.0,0.0,0.0,0.0,0.0,0.0,0.0,0.0,0.0,0.0,0.0,0.0,-0.0,0.0,0.0,0.0,0.0,0.0,-0.0,-0.0,-0.0,-0.0,-0.0,-0.0,-0.0,-0.0,-0.0,-0.0,-0.0
Net Load_standardized d-7 h=9,0.0,0.0,0.0,0.0,0.0,0.0,0.0,0.0,0.0,0.0,0.0,0.0,0.013281156952392053,0.04545333994755067,0.0,0.00795854281079393,0.009066821356590113,0.0,0.0,0.0,0.0,0.0,0.02182461962913718,0.0,0.0,0.0,0.0,0.0,0.0,0.0,0.0,0.0,0.0,0.0,0.0,0.0,0.0,0.0,0.03545141087526908,0.03385335473026297,0.030014060869416524,0.01935973597577601,0.0,0.0,0.0,0.0,0.0,0.0,0.0,0.0,-0.0,-0.0,-0.0,-0.0,-0.0,-0.0,-0.0,-0.0,-0.0,0.0
Net Load_standardized d-7 h=10,0.0,0.0,0.0,0.0,0.0,0.0,0.0,0.0,0.0,0.0,0.0,0.0,0.0,0.0,0.0,0.0,0.0,0.0,0.0,0.0,0.0,0.0,0.0,0.01413824725711974,0.0400456146997832,0.043938257523462705,0.033457529623909875,0.031754528362242775,0.05603388111732848,0.05732654393044742,0.0670002101357539,0.07378138898957277,0.07408807401067193,0.06432149892539729,0.0679467671563616,0.07694206668594963,0.06698602331492343,0.060841381767503026,0.0015940786807598843,0.001686518745438213,0.0,0.002710565656590443,0.0,0.0,0.0,0.0,0.0,0.0,0.0,0.0,-0.0,0.0,-0.0,-0.0,-0.0,-0.0,0.0,0.0,0.0,0.0
Net Load_standardized d-7 h=11,0.0,0.0,0.0,0.0,0.0,0.0,0.0,0.0,0.0,0.0,0.0,0.0,0.0,0.0,0.0,0.0,0.0,0.0,0.0,0.0,0.0,0.0,0.0,0.0,0.0,0.0,0.0,0.0,0.0,0.0,0.0,0.0,0.0,0.0,0.0,0.0,0.0,0.0,0.0,0.0,0.0,0.0,0.0,0.0,0.0,0.0,0.0,0.0,0.0,0.0,0.0,0.0,0.0,0.0,-0.0,0.0,0.0,0.0,0.0,0.0
Net Load_standardized d-7 h=12,0.0,0.0,0.0,0.0,0.0,0.0,0.0,0.0,0.0,0.0,0.0,0.0,0.0,0.0,0.0,0.0,0.0,0.0,0.0,0.0,0.0,0.0,0.0,0.0,0.0,0.0,0.0,0.0,0.0,0.0,0.0,0.0,0.0,0.0,0.0,0.0,0.0,0.0,0.0,0.0,0.0,0.0,0.0,0.0,0.0,0.0,0.0,0.0,0.0,0.0,0.0,0.0,0.0,0.0,0.0,0.0,0.0,0.0,0.0,0.0
Net Load_standardized d-7 h=13,0.0,0.0,0.0,0.0,0.0,0.0,0.0,0.0,0.0,0.0,0.0,0.0,0.0,0.0,0.0,0.0,0.0,0.0,0.0,0.0,0.0,0.0,0.0,0.0,0.0,0.0,0.0,0.0,0.0,0.0,0.0,0.0,0.0,0.0016715714000621823,0.0,0.0,0.0,0.0,0.0,0.0,0.0,0.0,0.08467046958371277,0.052922287406162394,0.03573693076837214,0.0,0.0,0.0,0.0,0.0,0.0,0.0,0.0,0.0,0.0,0.0,0.0,0.0,0.0,0.0
Net Load_standardized d-7 h=14,0.0,0.0,0.0,0.0,0.0,0.0,0.0,0.0,0.0,0.0,0.0,0.0,0.0,0.0,0.0,0.0,0.0,0.0,0.0,0.0,0.0,0.0,0.0,0.0,0.0,0.0,0.0,0.0,0.0,0.0,0.0,0.0,0.0,0.0,0.0,0.0,0.0,0.0,0.0,0.0,0.0,0.0,0.0,0.0,0.0,0.0,0.0,0.0005972948528202557,0.0,0.0,0.0,0.0,0.0,0.0,0.0,0.0,0.0,0.0,0.0,0.0
Net Load_standardized d-7 h=15,0.0,0.0,0.0,0.0,0.0,0.0,0.0,0.0,0.0,0.0,0.0,0.0,0.0,0.0,0.0,0.0,0.0,0.0,0.0,0.0,0.0,0.0,0.0,0.0,0.0,0.0,0.0,0.0,0.0,0.0,0.0,0.0,0.0,0.0,0.0,0.0,0.0,0.0,0.0,0.0,0.0,0.0,0.0,0.0,0.0,0.0,0.0,0.0,0.0,0.0,0.0,0.0,0.0,0.0,0.0,0.0,0.0,0.0,0.0,0.0
Net Load_standardized d-7 h=16,0.0,0.0,0.0,0.0,0.0,0.0,0.0,0.0,0.0,0.0,0.0,0.0,0.0,0.0,0.0,0.0,0.0,0.0,0.0,0.0,0.0,0.0,0.0,0.0,0.0,0.0,0.0,0.0,0.0,0.0,0.0,0.0,0.0,0.0,0.0,0.0,0.0,0.0,0.0,0.0,0.0,0.0,0.0,0.0397943034262591,0.027508960633589947,0.08013211274598826,0.05880486347195723,0.058769300249829536,0.06517127854038161,0.02244808507910458,0.0,0.0,0.0,0.0,0.0,0.0,0.011297108523182756,0.0,0.0,0.009066627392925434
Net Load_standardized d-7 h=17,0.0,0.0,0.0,0.0,0.0,0.0,0.0,0.0031851687992402048,0.0,0.0,0.0,0.0,0.0,0.005127280100415971,0.0,0.0,0.0,0.0,0.0,0.0,0.0067616460873530845,0.006515340197582551,0.009870628706801233,0.014509712465348608,0.0,0.0,0.0,0.0,0.0,0.0,0.0,0.0,0.0,0.0,0.0,0.0,0.0,0.0,0.0,0.0,0.0,0.0,0.0,0.0,0.0,0.0,0.0,0.0,0.0,0.0,0.0,0.0,0.0,0.0,0.0,0.0,0.0,0.0,0.0,0.0
Net Load_standardized d-7 h=18,0.0,0.0,0.0,0.0,0.0,0.0,0.0,0.0,0.0,0.0,0.0,0.0,0.0,0.0,0.0,0.0,0.0,0.0,0.0,0.0,0.0,0.0,0.0,0.0,0.0,0.0,0.0,0.0,0.0,0.0,0.0,0.0,0.0,0.0,0.0,0.0,0.0,0.0,0.0,0.0,0.0,0.0,0.0,0.0,0.0,0.0,0.0,0.0,0.0,0.0,0.0,0.0,0.0,0.0,-0.0,0.0,0.0,0.0,0.0,0.0
Net Load_standardized d-7 h=19,0.0,0.0,0.0,0.0,0.0,0.0,0.0,0.0,0.0,0.0,0.0,0.0,0.0,0.0,0.0,0.0,0.0,0.0,0.0,0.0,0.0,0.0,0.0,0.0,0.0,0.0,0.0,0.0,0.0,0.0,0.0,0.0,0.0,0.0,0.0,0.0,0.0,0.0,0.0,0.0,0.0,0.0,0.0,0.0,0.0,0.0,0.0,0.0,0.0,0.0,0.0,0.0,0.0,0.0,-0.0,0.0,0.0,0.0,0.0,0.0
Net Load_standardized d-7 h=20,0.0,0.0,0.0,0.0,0.0,0.0,0.0,0.0,0.0,0.0,0.0,0.0,0.0,0.0,0.0,0.0,0.0,0.0,0.0,0.0,0.0,0.0,0.0,0.0,0.0,0.0,0.0,0.0,0.0,0.0,0.0,0.0,0.0,0.0,0.0,0.0,0.0,0.0,0.0,0.0,0.0,0.0,0.0,0.0,0.0,0.0,0.0,0.0,0.0,0.0,-0.0,-0.0,-0.0,-0.0,-0.0,0.0,0.0,0.0,0.0,0.0
Net Load_standardized d-7 h=21,0.0,0.0,0.0,0.0,0.0,0.0,0.0,0.0,0.09538830918331909,0.09424060139267748,0.08762724542236364,0.08184371118688842,0.05846954390936153,0.013195734308042563,0.021360123124919708,0.0,0.0,0.000648378643251215,0.0,0.0036580586606618356,0.0,0.0,0.0,0.0,0.0,0.0,0.0,0.0,0.0,0.0,0.0,0.0,0.0,0.0,0.0,0.0,0.0,0.0,0.0,0.0,0.0,0.0,0.0,0.0,0.0,0.0,0.0,0.0,0.0,0.0,-0.0,-0.0,-0.0,-0.0,-0.0,0.0,0.0,0.0,0.0,0.0
Net Load_standardized d-7 h=22,0.0,0.0,0.0009176318177507455,0.0,0.0,0.0,0.0,0.03980451031540677,0.0,0.0005109103415452349,0.0,0.0,0.0,0.0,0.02435660651591094,0.04781200745178496,0.05158088536620456,0.038799034682672005,0.03857808344110633,0.03545262995760879,0.0,0.0,0.0,0.0,0.0,0.0,0.0,0.0,0.0,0.0,0.0,0.0,0.0,0.0,0.0,0.0,0.0,0.0,0.0,0.0,0.0,0.0,0.0,0.0,0.0,0.0,0.0,0.0,0.0,0.0,-0.0,-0.0,-0.0,-0.0,-0.0,0.0,0.0,0.0,0.0,0.0
Net Load_standardized d-7 h=23,0.0,0.0,0.0,0.0,0.0,0.0,0.0,0.0,0.0,0.0,0.0,0.0,0.0,0.0,0.0,0.0,0.0,0.0,0.0,0.0,0.0,0.0,0.0,0.0,0.0,0.0,0.0,0.0,0.0,0.0,0.0,0.0,0.0,0.0,0.0,0.0,0.0,0.0,0.0,0.0,0.0,0.0,0.0,0.0,0.0,0.0,0.0,0.0,0.0,0.0,-0.0,-0.0,-0.0,-0.0,-0.0,0.0,0.0,0.0,0.0,0.0
Net Load_standardized d-7 h=24,0.0,0.0,0.0,0.016392597510551395,0.02890600547608808,0.0231450228665956,0.023936786283284044,0.0,0.0,0.0,0.0,0.0,0.0,0.0,0.0,0.0,0.0,0.0,0.0,0.0,0.0,0.0,0.0,0.0,0.0,0.0,0.0,0.0,0.0,0.0,0.0,0.0,0.0,0.0,0.0,0.0,0.0,0.0,0.0,0.0,0.0,0.0,0.0,0.0,0.0,0.0,0.0,0.0,0.0,0.0,-0.0,-0.0,-0.0,-0.0,-0.0,0.0,0.0,0.0,0.0,0.0
h1,-0.0,-0.0,-0.004396331136415445,-0.01623432031218058,-0.02807839071395103,-0.040474822797053917,-0.03814643750250237,-0.07384463095481525,-0.08878026650027,-0.10831606772071602,-0.12355177518302904,-0.14529733537428716,-0.14689783979477003,-0.1403074162030417,-0.15625750600165597,-0.17420867402544282,-0.18478833229484773,-0.19125379218922206,-0.1945244128522811,-0.20763881062362435,-0.21573166997425763,-0.21731513521337148,-0.22458852295263274,-0.24081464483660017,-0.24470835727178084,-0.2555127794650883,-0.2759067892554071,-0.29229196613365993,-0.28078925358351975,-0.272704214568806,-0.2874038374377774,-0.29072433396249914,-0.2857697776809506,-0.29116321211985,-0.3069670188878894,-0.31019909242482435,-0.3172844808729545,-0.331908260064381,-0.3465557797576171,-0.36353740720573197,-0.3687707212697597,-0.38472433618704943,-0.37582781462930004,-0.36123284546898626,-0.3640916191134505,-0.3644818786714057,-0.3653606247457646,-0.3656016178472537,-0.36233380596160203,-0.3405675465774713,-0.3230341819756242,-0.3046079936197155,-0.28639403514713835,-0.2793377777332542,-0.2774086559098607,-0.272238706526614,-0.2675789916219772,-0.25704878481105514,-0.2508583328185882,-0.23281311705020802
h2,-0.03601352869420468,-0.04002069526778971,-0.04823412388338302,-0.060692692364446556,-0.07328004551879387,-0.08613021552924091,-0.08438445091960708,-0.11896595472582917,-0.13509154888229494,-0.15462999837858302,-0.1709629747974901,-0.19319493498479307,-0.19574793594925397,-0.19300369163659484,-0.21233562968357036,-0.23253518389596944,-0.2402705939126428,-0.2495599986116381,-0.25521848132424557,-0.2703852928719989,-0.2800838901406117,-0.28456810018372286,-0.2898905913871261,-0.3057618443084611,-0.3120955015513881,-0.3220657168549267,-0.3405759197640121,-0.3567898414712441,-0.3467507427023058,-0.34399933123042653,-0.35855065065232883,-0.35889183685644926,-0.3546081771211697,-0.3611915701710815,-0.3771180803863982,-0.38103252633157864,-0.3875820803013075,-0.4025951560412926,-0.416290179190549,-0.4327103721604718,-0.4391309965596723,-0.45473062527294356,-0.44835437955676904,-0.4345291759074371,-0.43740207368971784,-0.43836171255338807,-0.4388741138031394,-0.4385995758743388,-0.43495659157794186,-0.413402194261055,-0.3953638917322795,-0.37714073785747887,-0.35869284835232057,-0.35147857714661773,-0.3479825587842423,-0.34220968526796786,-0.3395873772433149,-0.33201970833933686,-0.32734495288626714,-0.3108869371049823
h3,-0.026931708078400344,-0.03242544015713904,-0.04083748946077159,-0.052684306222672554,-0.06637510764390873,-0.07971344316762786,-0.07843995441622233,-0.11588159613022112,-0.1326277695919833,-0.15188726736640462,-0.1678909748224709,-0.18889943157144715,-0.19266446011225957,-0.19366840887256825,-0.21608293999792683,-0.23629838386536922,-0.24039506287714787,-0.24929517102758494,-0.2562574882123479,-0.2717191411370144,-0.28229696598468523,-0.2889059760105176,-0.2924859017108484,-0.30963715462177577,-0.3185475842575415,-0.3283977443896433,-0.34745790591494613,-0.36212611728991995,-0.35523052194369487,-0.3538544483916658,-0.3685761402259756,-0.36628494024460684,-0.36062152879640813,-0.36870825976513083,-0.3835842872303686,-0.38743605731398845,-0.3920108802652925,-0.4067838456624038,-0.41984857916161267,-0.43586976523822873,-0.44345298273142286,-0.45900759075540587,-0.45326516572373143,-0.4399872724147784,-0.4415219081389755,-0.4438515883708144,-0.4451796585794501,-0.44499957582229444,-0.44234528117303124,-0.4220346907425819,-0.40454105027834236,-0.3871521032933105,-0.36963993791847355,-0.36272315636552466,-0.35881665524786566,-0.3519473955336105,-0.3500966185371676,-0.3440720116896057,-0.3397944976126161,-0.3235518749330279
h4,-0.0,-0.0,-0.0,-0.0,-0.0,-0.0,-0.0,-0.03878852089505792,-0.05975869432247194,-0.07718470245663012,-0.09220501681724584,-0.11139410806377494,-0.11687963314232029,-0.11992540257568085,-0.14226489921889027,-0.1585450051872989,-0.16246778075221652,-0.16827028892784401,-0.17334703371414636,-0.18864537629531322,-0.19967429079448773,-0.20917963183125074,-0.21056943341146164,-0.2270542035691874,-0.23899161249068276,-0.2502488898527215,-0.2669512031213358,-0.2812045179479583,-0.2801307156578408,-0.2797565731321476,-0.2950979615131408,-0.2913369684402764,-0.2849594052737471,-0.2921624948703445,-0.306023349930044,-0.3078800855471308,-0.3082406188775318,-0.31975532223217135,-0.3327070626288528,-0.3457657107985244,-0.3532986110507477,-0.3682935501137646,-0.36170809060618747,-0.3471131214458738,-0.34591561926125547,-0.3473678374312644,-0.3487170938466247,-0.34867119039872185,-0.3470523716031079,-0.32603733979907734,-0.3093178786388863,-0.29328131784975264,-0.2775399662536208,-0.2718722881387893,-0.268563414602478,-0.261839810059452,-0.25707946067287474,-0.25085799865450104,-0.2462582776835801,-0.2296855032825384
h5,-0.0,-0.0,-0.0,-0.0,-0.0,-0.0,-0.0,-0.0,-0.0,-0.0,-0.0,-0.0,-0.0,-0.0,-0.0,-0.0,-0.0,-0.0,-0.0,-0.0,-0.0,-0.0,-0.0,-0.0,-0.0,-0.0,-0.007169467302798148,-0.021975389021479247,-0.026395876341854117,-0.02708104415237455,-0.039934818760494754,-0.037668336020303714,-0.03468497972272592,-0.04086053829319675,-0.05306975198701842,-0.052429163486478136,-0.049698276152363066,-0.05655289678627833,-0.06591887169487498,-0.07421238886881434,-0.08198893049836696,-0.09747380059188249,-0.09097926522149787,-0.07583257192773958,-0.0736772766474592,-0.0731874258677461,-0.07379693056498438,-0.07374926159985307,-0.07347488417261684,-0.051768652374207184,-0.03982579807172465,-0.03138184411740222,-0.022993871771817564,-0.021796483275809388,-0.019096713182817738,-0.013158763805818596,-0.0060555730589816415,-0.0010885110304080698,-0.0,-0.0
h6,0.0,0.0,0.0,0.0,0.0,0.0,0.0,0.0,0.0,0.0,0.0,0.0,0.0,0.0,0.0,0.0,0.0,0.0,0.0,0.0,-0.0,-0.0,-0.0,-0.0,-0.0,-0.0,-0.0,-0.0,-0.0,-0.0,-0.0,-0.0,-0.0,-0.0,-0.0,-0.0,-0.0,-0.0,-0.0,-0.0,-0.0,-0.0,-0.0,-0.0,-0.0,-0.0,-0.0,-0.0,-0.0,-0.0,-0.0,-0.0,-0.0,-0.0,-0.0,-0.0,-0.0,-0.0,-0.0,-0.0
h7,0.0,0.0,0.0,0.0,0.0,0.0,0.0,0.0,0.0,0.0,0.0,0.0,0.0,0.0,0.0,0.0,0.0,0.0,0.0,0.0,0.0,0.0,0.0,0.0,0.0,0.0,0.0,0.0,0.0,0.0,0.0,0.0,0.0,0.0,0.0,0.0,0.0,0.0,0.0,0.0,0.0,0.0,0.0,0.0,0.0,0.0,0.0,0.0,0.0,0.0,0.0,0.0,0.0,0.0,0.0,0.0,0.0,0.0,0.0,0.0
h8,0.0,0.0,0.0,0.0,0.0,0.0,0.0,0.0,0.0,0.0,0.0,0.0,0.0,0.0,0.0,0.0,0.0,0.0,0.0,0.0,0.0,0.0,0.0,0.0,0.0,0.0,0.0,0.0,0.0,0.0,0.0,0.0,0.0,0.0,0.0,0.0,0.0,0.0,0.0,0.0,0.0,0.0,0.0,0.0,0.0,0.0,0.0,0.0,0.0,0.0,0.0,0.0,0.0,0.0,0.0,0.0,0.0,0.0,0.0,0.0
h9,0.0,0.0,0.0,0.0,0.0,0.0,0.0,0.0,0.0,0.0,0.0,0.0,0.0,0.0,0.0,0.0,0.0,0.0,0.0,0.0,0.0,0.0,0.0,0.0,0.0,0.0,0.0,0.0,0.0,0.0,0.0,0.0,0.0,0.0,0.0,0.0,0.0,0.0,0.0,0.0,0.0,0.0,0.0,0.0,0.0,0.0,0.0,0.0,0.0,0.0,0.0,0.0,0.0,0.0,0.0,0.0,0.0,0.0,0.0,0.0
h10,0.0,0.0,0.0,0.0,0.0,0.0,0.0,0.0,0.0,0.0,0.0,0.0,0.0,0.0,0.0,0.0,0.0,0.0,0.0,0.0,0.0,0.0,0.0,0.0,0.0,0.0,0.0,0.0,0.0,0.0,0.0,0.0,0.0,0.0,0.0,0.0,0.0,0.0,0.0,0.0,0.0,0.0,0.0,0.0,0.0,0.0,0.0,0.0,0.0,0.0,0.0,0.0,0.0,0.0,0.0,0.0,0.0,0.0,0.0,0.0
h11,0.0,0.0,0.0,0.0,0.0,0.0,0.0,0.0,0.0,0.0,0.0,0.0,0.0,0.0,0.0,0.0,0.0,0.0,0.0,0.0,0.0,0.0,0.0,0.0,0.0,0.0,0.0,0.0,0.0,0.0,0.0,0.0,0.0,0.0,0.0,0.0,0.0,0.0,0.0,0.0,0.0,0.0,0.0,0.0,0.0,0.0,0.0,0.0,0.0,0.0,0.0,0.0,0.0,0.0,0.0,0.0,0.0,0.0,0.0,0.0
h12,0.0,0.0,0.0,0.0,0.0,0.0,0.0,0.0,0.0,0.0,0.0,0.0,0.0,0.0,0.0,0.0,0.0,0.0,0.0,0.0,0.0,0.0,0.0,0.0,0.0,0.0,0.0,0.0,0.0,0.0,0.0,0.0,0.0,0.0,0.0,0.0,0.0,0.0,0.0,0.0,0.0,0.0,0.0,0.0,0.0,0.0,0.0,0.0,0.0,0.0,0.0,0.0,0.0,0.0,0.0,0.0,0.0,0.0,0.0,0.0
h13,0.0,0.0,0.0,0.0,0.0,0.0,0.0,0.0,0.0,0.0,0.0,0.0,0.0,0.0,0.0,0.0,0.0,0.0,0.0,0.0,0.0,0.0,0.0,0.0,0.0,0.0,0.0,0.0,0.0,0.0,0.0,0.0,0.0,0.0,0.0,0.0,0.0,0.0,0.0,0.0,0.0,0.0,0.0,0.0,0.0,0.0,0.0,0.0,0.0,0.0,0.0,0.0,0.0,0.0,0.0,0.0,0.0,0.0,0.0,0.0
h14,0.0,0.0,0.0,0.0,0.0,0.0,0.0,0.0,0.0,0.0,0.0,0.0,0.0,0.0,0.0,0.0,0.0,0.0,0.0,0.0,0.0,0.0,0.0,0.0,0.0,0.0,0.0,0.0,0.0,0.0,0.0,0.0,0.0,0.0,0.0,0.0,0.0,0.0,0.0,0.0,0.0,0.0,0.0,0.0,0.0,0.0,0.0,0.0,0.0,0.0,0.0,0.0,0.0,0.0,0.0,0.0,0.0,0.0,0.0,0.0
h15,0.023224864969175238,0.025453505241433496,0.03348548339028845,0.04727662504059331,0.0525501269134193,0.059270715364515315,0.06624682475920395,0.15902443715870054,0.1701213531256959,0.1880330550490062,0.19427398189480846,0.2067344352184968,0.20656753078635584,0.2066193613278065,0.20812229207692232,0.20542872392906486,0.2082387483093971,0.21227811591580673,0.20837014353379263,0.21135814563151026,0.2180373689193716,0.2255313105029949,0.2259855916664089,0.2262290972347209,0.2286612330239617,0.22867413488062135,0.23398870419158962,0.23868998231427901,0.23785526048198685,0.2366960512960104,0.2344927593599051,0.23151918697029267,0.23498011567777996,0.23288466741895836,0.23782921910288798,0.2323266904120019,0.22932229503413382,0.22835390883511242,0.22226826493432197,0.21786859600458205,0.21656532328790717,0.21416293584662802,0.21481978850586397,0.20614788888986074,0.20250081180353113,0.20370657981880338,0.20354110270416267,0.20392421994242563,0.20252135600399063,0.16497418138768724,0.13847289807175456,0.1276479970103553,0.11821395570776451,0.11706144077460211,0.1123954729964524,0.10633673281583964,0.09979777194947179,0.09170442029114843,0.07982568622365507,0.061789026423375984
h16,0.36262436565751865,0.35942404045668197,0.3669095910237736,0.3831115464475781,0.3923636413914984,0.4001744367302813,0.4125795115980638,0.6079937024732839,0.6210300391141643,0.6382593686292298,0.6454836885704842,0.654608197093712,0.6561476650614882,0.6564254818080001,0.6557735987815342,0.6529184858074033,0.6544467446809186,0.6620948294993623,0.6567444295428682,0.6595223350905711,0.6600893377384814,0.6700814861983396,0.6684674639302995,0.6669401557199066,0.671808705282439,0.6707755381820861,0.6761545488718422,0.680836406305035,0.6843439740926038,0.6811014545787422,0.6793766178111581,0.6737609488913062,0.6736008017661719,0.6705634500667332,0.6759714500227573,0.6700266592664996,0.6621105949630567,0.6611263191089924,0.6559737510626834,0.6500601511107705,0.6513804369934516,0.6501918426457513,0.6512538815085892,0.6391674715755242,0.6338599255371791,0.6333390177044256,0.6311061199169387,0.6321407130119746,0.631009738726501,0.5451403576065937,0.4586635713300934,0.44440738753797565,0.43552507036882593,0.4353621278414155,0.43056462902985315,0.42437877160889115,0.4191974934901048,0.4134946521571683,0.39846005604637263,0.37492734111837267
h17,0.308114904031813,0.3006587995552399,0.3029908053366522,0.31623728492242154,0.3246048557356034,0.33291617520824773,0.34355220181455287,0.4955037723535481,0.5019397228412036,0.512019590345442,0.5181669447782116,0.5225386809262988,0.5262550316349928,0.5264745863130097,0.5239212412330424,0.5214139351526348,0.520639959562113,0.5281829961055471,0.5222623340847287,0.5247348051521559,0.52178578024245,0.5321583976647337,0.5291143064428029,0.5263043499669793,0.5336048995097342,0.5326962013738875,0.537588812067598,0.543483579835757,0.5510138786250942,0.5470395522206322,0.5472735568164315,0.5430067430580245,0.5393420442372496,0.5371680304618233,0.5445313407467763,0.5402752672181661,0.5315426511972244,0.5342756718646546,0.5328112693055955,0.5294620831259357,0.5330086862318901,0.536063512539337,0.5414457720566991,0.5300902862556218,0.5273374436447799,0.5278449495967923,0.5256526587055014,0.5294370448816242,0.5307733809209128,0.4526696273240649,0.37874478577308135,0.36940380194099526,0.3639033330202061,0.36719727322330475,0.3655918295581994,0.3617399859113606,0.3611331629277903,0.36035081810656544,0.3496902909257177,0.3305387069965736
h18,0.0,0.0,0.0,0.0,0.0,0.0,0.003331735615645218,0.04969478287533668,0.054274291998776474,0.06019460091615046,0.0661715829365131,0.06699109842382887,0.06928444224754311,0.07090405208659162,0.07014447250927669,0.06886420090165035,0.06943996323118602,0.0750621170316217,0.07070040672226245,0.07274385710352398,0.07009408736379762,0.07700717377973003,0.07427469634836907,0.07167130538810751,0.0799208204403878,0.08040423263804826,0.08537629160697448,0.09150499040771255,0.09744190989966449,0.0951289352058291,0.09631190531115329,0.0948257811853064,0.09046458581847187,0.09005962030452314,0.09858728920069376,0.09639687082770304,0.09131534443224289,0.097644723691118,0.09984465213674469,0.10008387972100595,0.1032094069683169,0.10822042636330513,0.11765101688222988,0.10913801381665852,0.10782671602168735,0.10901571162329618,0.10664422073349235,0.10900206899017767,0.11110993605767686,0.08039972690301707,0.0689335882924076,0.06677208026400713,0.06535348717209445,0.07044295839507618,0.07028523885612933,0.06841165726216844,0.07023418598298166,0.07251148251618632,0.0678440035624666,0.05633622646771739
h19,0.0,0.0,0.0,0.0,0.0,0.0,0.0,0.0,0.0,0.0,0.0,0.0,0.0,0.0,0.0,0.0,0.0,0.0,0.0,0.0,0.0,0.0,0.0,0.0,0.0,0.0,0.0,0.0,0.0,0.0,0.0,0.0,0.0,0.0,0.0,0.0,0.0,0.0,0.0,0.0,0.0,0.0,0.0,0.0,0.0,0.0,0.0,0.0,0.0,0.0,0.0,0.0,0.0,0.0,0.0,0.0,0.0,0.0,0.0,0.0
h20,-0.0,-0.0,-0.0,-0.0,-0.0,-0.0,-0.0,-0.0,-0.0,-0.0,-0.0,-0.0,-0.0,-0.0,-0.0,-0.0,-0.0,-0.0,-0.0,-0.0,-0.0,-0.0,-0.0,-0.0,-0.0,-0.0,-0.0,-0.0,-0.0,-0.0,-0.0,-0.0,-0.0,-0.0,-0.0,-0.0,-0.0,-0.0,-0.0,-0.0,-0.0,-0.0,-0.0,-0.0,-0.0,-0.0,-0.0,-0.0,-0.0,-0.0,-0.0,-0.0,-0.0,-0.0,-0.0,-0.0,-0.0,-0.0,-0.0,-0.0
h21,-0.0,-0.0,-0.0,-0.0,-0.0,-0.0,-0.0,-0.0,-0.0,-0.0,-0.0,-0.0,-0.0,-0.0,-0.0,-0.0,-0.0,-0.0,-0.0,-0.0,-0.0,-0.0,-0.0,-0.0,-0.0,-0.0,-0.0,-0.0,-0.0,-0.0,-0.0,-0.0,-0.0,-0.0,-0.0,-0.0,-0.0,-0.0,-0.006750210107058862,-0.008428334231343941,-0.018140765500327494,-0.014445939198083759,-0.007664507278307688,-0.003711193203872767,-0.004712642725512277,-0.007325688472286264,-0.010408682804581706,-0.0086572897153766,-0.00789474677486782,-0.00494625275495656,-0.0,-0.0,-0.0,-0.0,-0.0,-0.0,-0.0,-0.0,-0.0,-0.0
h22,-0.0,-0.0,-0.0,-0.0,-0.0,-0.0,-0.0,-0.0,-0.0,-0.0,-0.0,-0.0,-0.0,-0.0,-0.007216955489492265,-0.014571489116686286,-0.020073519841174895,-0.024663117681840492,-0.03879784860137911,-0.047285708479306854,-0.056281629891565,-0.05214393655651197,-0.06398030356901384,-0.0825298461237435,-0.09067933783466108,-0.10229854622823957,-0.11680543882505151,-0.10845042280103837,-0.09959422057420515,-0.11188501587655728,-0.11852152156971715,-0.11801437674625483,-0.12292641348792073,-0.13617198579400505,-0.13852166853351866,-0.1378784317571373,-0.15418953047507417,-0.1622499993750459,-0.17693018113698025,-0.18386689832195172,-0.19313000545665773,-0.18540362056650836,-0.17755493348299703,-0.171835219422927,-0.17216842067413443,-0.1764207491662014,-0.1822032193386152,-0.17859715040242294,-0.17853463504242945,-0.1735425548322403,-0.16085906605302216,-0.14644325007829528,-0.13277285018945975,-0.12249628935348805,-0.11925185719596228,-0.12271970084592342,-0.11157788944227293,-0.1010565102174863,-0.09133060997790589,-0.08062994587394032
h23,-0.0,-0.0,-0.0,-0.0,-0.0,-0.0,-0.0,-0.0,-0.0,-0.0,-0.0,-0.019314439847033175,-0.010696130557509856,-0.022705430952464693,-0.03438561733752349,-0.044277199219954204,-0.04900151960593914,-0.054520662266629945,-0.07507569658223642,-0.08143081164992093,-0.09177823649946464,-0.08689372937738085,-0.10164496533169697,-0.12294430096751399,-0.13856546158319097,-0.14475129071060747,-0.16851302461147089,-0.15617676724052454,-0.14182539264458285,-0.1582068913619457,-0.16246877638476062,-0.15994805916387778,-0.16539946141840017,-0.1833739716170629,-0.1865931715908834,-0.18619622446767498,-0.20653005418738124,-0.21814804029980311,-0.23431037377382313,-0.24413018059052266,-0.25225011532073116,-0.24198315114089702,-0.23226213303812845,-0.22681254311379143,-0.22659313747294238,-0.23170439009595553,-0.23895930163570542,-0.23332994995734518,-0.23391714493689636,-0.22769449921947219,-0.21674210008135045,-0.2048050702933631,-0.19207745660375714,-0.18057033026055047,-0.17808153947619101,-0.18083523140782126,-0.1707439027542495,-0.16204365454913677,-0.1537901956768926,-0.14448958673395595
h24,-0.0,-0.0,-0.0,-0.0,-0.0,-0.0,-0.0,-0.0,-0.00093342583531088,-0.021974330491796423,-0.039330424143763955,-0.06458406706511607,-0.05833508189425612,-0.07218669951560748,-0.08593518933212908,-0.09735835740899841,-0.10015914677614113,-0.10608171012320676,-0.1280915306338799,-0.1359950043096638,-0.14662579467414405,-0.140275908253632,-0.15520987524094512,-0.17720041087114127,-0.19313495079461523,-0.1962593730503738,-0.2169005552524755,-0.19941163585446386,-0.1869308267605522,-0.20562956683838246,-0.20644339671682152,-0.20362165880873265,-0.21113606794303233,-0.22893932297067301,-0.23347383327862478,-0.2324404171950743,-0.2531891434631307,-0.264520233026161,-0.2812748975298476,-0.2937897663935965,-0.3030255080112834,-0.29249106797155605,-0.28254936021540855,-0.2759945565069562,-0.2744651370836554,-0.2787421828169018,-0.28486628057274366,-0.27864989441639726,-0.27924326870624355,-0.2719136436874763,-0.25957266525030115,-0.24691089064062163,-0.23272142868703913,-0.22134406786002034,-0.21855778742291132,-0.2218367207295767,-0.21258401275884162,-0.20357744731483973,-0.19475990568856227,-0.18557758639983585
d1,0.0,0.0,0.0,0.0,0.0,0.0,0.0,0.08107286048733328,0.07249169701338147,0.08550329075886352,0.07995520004491968,0.0794089254080139,0.0,0.020538496556818837,0.0810457688635075,0.06305031113991723,0.04191554149148041,0.1004911085412052,0.13480825669125995,0.1351429420241797,0.0886920460351018,0.11710446543034762,0.024911684859697945,0.009519389955152916,0.0,0.0,0.0,0.0,0.0,0.012064638594198946,0.0,0.0,0.03364715752314837,0.04256907558093057,0.036458080942514355,0.13990796904421918,0.13584418155463332,0.12053129461541258,0.14160199558570544,0.1415838781157013,0.133870959188566,0.14283965551451072,0.1405680185527331,0.20330099555891884,0.2046666281167255,0.24324150140186993,0.24103034798980594,0.24200454791019904,0.2453584899313095,0.06707273966180155,0.15993345716095855,0.16971714236725938,0.18541312897419748,0.19287310488232165,0.21315883408796338,0.2043759029343757,0.2695110481708098,0.2753737402476193,0.24944830854206754,0.24838052534717286
d2,0.0,-0.0,-0.0,-0.0,-0.0,-0.0,-0.0,-0.0,-0.0,-0.0,-0.0,-0.0,-0.0,-0.0,-0.0,-0.0,-0.0,-0.0,-0.0,-0.0,-0.0,-0.0,-0.0,-0.0,-0.0,-0.0,-0.0,-0.0,-0.0,-0.0,-0.0,-0.0,-0.0,-0.0,-0.0,-0.0,-0.0,-0.0,-0.0,-0.0,-0.0,-0.0,-0.0,-0.0,-0.0,-0.0,-0.0,-0.0,-0.0,-0.0,-0.0,-0.0,-0.0,-0.0,-0.0,-0.0,-0.0,0.0,-0.0,-0.0
d3,-0.0,-0.0,-0.0,-0.0,-0.0,-0.0,-0.0,0.0,0.0,0.0,-0.0,-0.0,-0.0,0.0,0.0,-0.0,-0.0,-0.0,-0.0,-0.0,-0.0,-0.0,-0.0,-0.0,-0.0,-0.0,-0.0,-0.0,-0.0,-0.0,-0.0,-0.0,-0.0,-0.0,-0.0,-0.0,-0.0,0.0,0.0,0.0,0.0,0.0,-0.0,-0.0,0.0,0.0,0.0,0.0,0.0,0.0,0.0,0.0,0.0,0.0,0.0,0.0,0.0,0.0,0.0,0.0
d4,0.0,0.0,0.0,0.0,0.0,0.0,0.0,-0.0,-0.0,-0.0,-0.0,-0.0,-0.0,-0.0,-0.0,-0.0,-0.0,-0.0,-0.0,-0.0,-0.0,-0.0,-0.0,-0.0,-0.0,-0.0,-0.0,-0.0,-0.0,-0.0,-0.0,-0.0,-0.0,-0.0,-0.0,-0.0,-0.0,-0.0,-0.0,-0.0,-0.0,-0.0,-0.0,-0.0,-0.0,-0.0,-0.0,-0.0,-0.0,-0.0,-0.0,-0.0,-0.0,-0.0,-0.0,-0.0,-0.0,-0.0,-0.0,-0.0
d5,-0.0,0.0,0.0,0.0,-0.0,0.0,0.0,-0.0,-0.0,-0.0,0.0,0.0,0.0,0.0,0.0,0.0,0.0,0.0,-0.0,-0.0,0.0,0.0,0.0,0.0,0.0,0.0,-0.0,-0.0,-0.0,-0.0,-0.0,-0.0,-0.0,-0.0,-0.0,-0.0,-0.0,-0.0,-0.0,-0.0,-0.0,-0.0,-0.0,-0.0,-0.0,-0.0,-0.0,-0.0,-0.0,-0.0,-0.0,-0.0,-0.0,-0.0,-0.0,-0.0,-0.0,-0.0,-0.0,-0.0
d6,0.0,0.0,0.0,0.0,0.0,0.0,0.0,0.0,-0.0,-0.0,-0.0,-0.0,-0.0,-0.0,-0.0,-0.0,-0.0,-0.0,-0.0,-0.0,-0.0,-0.0,-0.0,-0.0,-0.0,-0.0,0.0,0.0,0.0,0.0,0.0,0.0,0.0,0.0,0.0,0.0,0.0,0.0,0.0,0.0,0.0,0.0,0.0,0.0,0.0,0.0,0.0,0.0,0.0,0.0,0.0,0.0,0.0,0.0,-0.0,-0.0,-0.0,-0.0,-0.0,-0.0
d7,-0.0,-0.0,-0.0,-0.0,-0.0,-0.0,-0.0,-0.0,-0.0,-0.0,-0.0,-0.0,-0.0,-0.0,-0.0,-0.0,-0.0,-0.0,0.0,0.0,-0.0,-0.0,0.0,-0.0,-0.0,-0.0,-0.0,-0.0,-0.0,-0.0,-0.0,-0.0,-0.0,-0.0,-0.0,-0.0,-0.0,-0.0,-0.0,-0.0,-0.0,-0.0,-0.0,-0.0,-0.0,-0.0,-0.0,-0.0,-0.0,-0.0,-0.0,-0.0,-0.0,-0.0,-0.0,0.0,0.0,0.0,0.0,0.0
